3511.227,
5932.334,
5316.11,
4752.015,
2651.714,
1851.8509999999999,
2260.1209999999996,
1856.001,
6756.363,
1852.111,
3216.016,
4504.259,
1856.104,
3744.438,
3295.56,
5420.05,
1851.5049999999999,
3139.927,
2808.262,
3296.033,
5708.284,
1856.399,
1855.462,
1855.9650000000001,
2339.813,
2495.9210000000003,
4695.744000000001,
1855.915,
2852.471,
1852.272,
1855.511,
1856.382,
2259.507,
2748.0,
7363.804,
6023.944,
2651.815,
5427.291,
2744.355,
5316.122,
5020.006,
3139.952,
2339.674,
4596.665,
1856.2350000000001,
5608.96,
1856.143,
2731.2690000000002,
2980.2870000000003,
4111.909,
1855.787,
2575.824,
1855.636,
12059.658000000001,
2672.1499999999996,
2339.748,
1855.593,
1855.673,
4327.497,
4096.402,
8519.687,
5736.232,
3412.0170000000003,
1856.455,
6444.413,
1852.011,
2732.501,
4439.856,
1856.276,
4596.676,
1856.184,
2656.189,
1855.604,
6416.708,
1856.611,
2651.4669999999996,
7224.15,
5551.363,
1856.078,
2731.75,
3860.382,
1855.6770000000001,
1856.299,
5911.436,
4963.948,
5835.9800000000005,
2500.07,
3220.8559999999998,
3456.825,
3940.821,
7040.177,
3579.7729999999997,
3611.3590000000004,
3295.8880000000004,
3359.9190000000003,
3467.7799999999997,
12363.746000000001,
2656.424,
1852.12,
4708.1900000000005,
2260.956,
1856.114,
3940.181,
4535.677,
3647.851,
1855.51,
11096.453,
1855.599,
3575.9159999999997,
4780.163,
1855.394,
6236.225,
3939.753,
4472.0740000000005,
2855.902,
1856.2479999999998,
2500.455,
1855.8539999999998,
2828.304,
1856.0749999999998,
5543.8099999999995,
1856.084,
9467.912999999999,
7936.208,
3255.967,
5988.291,
2827.716,
2576.116,
1856.291,
1855.704,
2984.428,
2500.285,
2419.6659999999997,
3220.02,
5012.042,
2419.6870000000004,
2495.678,
3296.281,
1857.0,
1855.972,
3548.251,
1855.559,
6323.437,
4304.777,
1856.2510000000002,
2419.993,
2876.064,
3847.9739999999997,
1856.084,
1856.093,
2496.036,
2748.182,
4348.306,
2340.592,
2576.079,
6572.425,
2984.3419999999996,
1856.0,
9756.957999999999,
3143.917,
7759.119,
1855.872,
2903.619,
3144.473,
7132.626,
1855.768,
3287.341,
4059.724,
1856.319,
11148.419,
3331.912,
3900.359,
3455.994,
3683.708,
4348.159,
1855.528,
3532.428,
1857.5349999999999,
2872.617,
3628.148,
5820.226,
1856.424,
1855.982,
3652.3469999999998,
15385.262,
7348.699,
2263.855,
4836.876,
5355.241999999999,
3940.818,
1855.8490000000002,
1854.9569999999999,
2343.403,
3864.627,
3063.7349999999997,
2907.8849999999998,
2811.8599999999997,
5023.715,
2864.028,
2864.532,
2499.8450000000003,
1855.961,
2500.292,
1855.894,
2671.7529999999997,
3668.093,
5304.438,
1856.725,
2579.637,
2264.348,
2576.343,
3811.908,
2579.5750000000003,
1859.625,
2827.553,
6395.717000000001,
3220.205,
1860.215,
9032.456,
1856.0140000000001,
1860.6670000000001,
4236.223,
1855.801,
2880.123,
5868.499,
1855.016,
3419.8469999999998,
2344.116,
7392.881,
1856.117,
1860.6499999999999,
6015.581,
1855.942,
1860.317,
1855.644,
3224.943,
3752.173,
2419.497,
1856.2620000000002,
3532.047,
8036.878,
5212.45,
1855.298,
8860.241,
1860.401,
3412.473,
4237.014,
2671.694,
3940.0179999999996,
1859.661,
1860.491,
2656.4,
3379.816,
1856.1570000000002,
1856.0520000000001,
4019.9249999999997,
2424.027,
2831.8669999999997,
4771.7119999999995,
2499.663,
2671.883,
4632.104,
1856.028,
4488.215,
3575.6749999999997,
1860.238,
3800.391,
4156.256,
1856.222,
5964.601,
1859.709,
5792.139999999999,
2988.01,
2735.248,
4960.946,
1859.766,
1859.2169999999999,
5420.311,
4472.6759999999995,
4623.911999999999,
2267.638,
1860.812,
3380.2819999999997,
4911.947999999999,
3626.91,
4559.885,
3799.9,
5927.778,
3064.581,
6171.956,
4971.758000000001,
1859.89,
10183.688,
1860.573,
2812.492,
2500.201,
1855.848,
1860.115,
1860.6100000000001,
1859.804,
4191.519,
7008.409000000001,
3675.678,
8900.31,
2883.719,
1860.348,
2867.479,
5440.379,
1855.809,
8883.766,
6956.023,
2832.396,
3280.354,
11288.565999999999,
1859.7109999999998,
5124.401,
2987.9660000000003,
2424.423,
2659.808,
1859.435,
1859.863,
1859.957,
3292.525,
3144.456,
3668.1339999999996,
4715.555,
2268.017,
2660.107,
3224.783,
1860.0529999999999,
3379.8940000000002,
3707.35,
1860.163,
4580.481,
5072.291,
3739.739,
2424.196,
14068.347,
2832.23,
3144.0860000000002,
1860.1799999999998,
5668.052000000001,
3707.9629999999997,
1860.309,
7015.626,
2676.2290000000003,
1860.384,
2880.501,
2816.618,
3396.513,
4571.899,
1860.328,
3876.3,
2856.15,
8707.986,
5863.84,
3708.48,
1860.2259999999999,
1859.259,
5383.859,
3692.303,
1859.934,
3343.8889999999997,
1859.563,
4024.1429999999996,
1861.151,
1859.968,
7604.731,
4099.945,
2907.7639999999997,
3263.629,
3396.005,
1859.82,
1859.375,
6776.789,
2884.083,
6716.643999999999,
5104.111,
1859.6770000000001,
4024.095,
1859.7079999999999,
1859.629,
1859.684,
7892.223999999999,
8184.046,
3820.726,
4180.085,
3868.4539999999997,
4023.89,
2868.5420000000004,
4799.953,
1859.6580000000001,
1860.023,
4836.388999999999,
5464.019,
1860.447,
1859.688,
3944.5589999999997,
3472.169,
4148.598,
3143.8480000000004,
4400.084,
3707.7290000000003,
5007.755999999999,
5024.696,
6068.570000000001,
2504.14,
1863.7269999999999,
1859.175,
3808.229,
2872.404,
2879.4610000000002,
5229.1720000000005,
3472.575,
4795.834,
1863.979,
3576.1090000000004,
2987.7889999999998,
4180.4529999999995,
2740.1949999999997,
2584.0260000000003,
4543.874,
2348.424,
4655.958,
3215.752,
3467.1620000000003,
7460.611,
2984.29,
2416.3070000000002,
6856.512000000001,
1852.124,
3468.28,
1851.905,
2340.133,
2807.319,
6156.347000000001,
2812.281,
11743.743999999999,
1852.279,
6080.647,
5824.435,
2980.373,
6716.119,
4987.35,
1855.859,
2576.524,
9224.537,
3335.849,
1857.021,
3467.9829999999997,
3859.807,
1856.0620000000001,
8148.788,
4316.148,
3215.937,
3608.273,
2748.045,
6715.35,
2571.589,
4072.643,
1851.847,
2823.3540000000003,
3411.889,
3216.0609999999997,
6181.179,
1856.236,
2656.1789999999996,
3547.6299999999997,
5908.04,
4924.434,
7523.79,
1855.882,
4591.428,
3835.884,
1856.158,
2903.9139999999998,
3768.581,
1856.076,
1851.8349999999998,
3703.253,
4791.877,
2419.933,
1855.972,
9028.103,
11139.814,
3995.517,
1856.162,
1855.512,
3428.7019999999998,
2903.7639999999997,
1856.374,
7380.497,
1855.955,
3347.9390000000003,
1855.465,
4499.933999999999,
6948.4130000000005,
2851.197,
8572.238000000001,
3295.789,
1856.12,
1851.8870000000002,
6084.6410000000005,
1855.866,
10832.641000000001,
4032.427,
2732.515,
3852.068,
3140.235,
6864.277999999999,
4016.305,
3671.4030000000002,
3356.225,
1855.718,
1856.061,
1856.103,
3875.901,
2871.908,
1851.679,
2732.38,
2864.464,
2575.663,
3519.39,
3296.114,
4388.139,
6739.93,
2576.023,
1855.8190000000002,
2496.319,
2984.314,
1856.086,
4644.001,
2904.589,
2863.214,
4112.135,
15520.246000000001,
6100.071,
2859.675,
3827.617,
16452.667,
4896.26,
1856.5739999999998,
6148.107000000001,
5140.024,
2575.964,
1856.432,
2339.792,
1855.779,
3468.813,
2748.312,
1855.8,
4019.9139999999998,
4943.841,
2984.1639999999998,
7035.992,
1855.435,
2500.1699999999996,
1856.0449999999998,
3376.179,
2747.9249999999997,
6552.389,
3220.158,
2812.2780000000002,
2264.297,
3428.033,
4464.385,
2340.826,
1856.166,
1855.268,
1855.702,
1855.7920000000001,
2419.9,
2420.202,
5492.119,
3139.654,
3843.973,
1856.021,
1855.707,
2860.074,
4020.748,
2263.783,
4176.393,
3271.885,
11571.787,
3300.317,
3864.357,
1856.067,
2908.159,
2420.0,
3784.6479999999997,
4348.077,
1855.391,
4132.21,
2576.209,
1856.298,
2339.925,
3611.84,
1855.897,
3704.0829999999996,
7335.6630000000005,
6139.509,
1855.9270000000001,
10804.679,
2983.458,
1855.788,
2984.3160000000003,
5367.401,
4431.937,
4676.75,
5304.105,
1859.508,
1855.886,
1856.13,
2827.765,
3220.0660000000003,
2424.3830000000003,
1855.844,
3675.74,
1855.865,
1856.44,
2848.202,
1856.406,
2263.982,
2656.07,
4231.696999999999,
3468.45,
9319.908,
5384.204000000001,
1855.6029999999998,
1859.949,
4348.358,
2828.185,
3523.8740000000003,
3064.111,
5760.064,
1860.234,
1860.0939999999998,
1860.1680000000001,
5616.041,
1855.777,
4488.576,
2908.238,
7352.268999999999,
5343.208,
1856.239,
1856.36,
3627.6459999999997,
2876.523,
2812.575,
8612.707,
1855.821,
3884.372,
2863.736,
2859.7709999999997,
3300.367,
3219.49,
5423.559,
5776.995,
2736.7,
8380.089,
1855.666,
3376.844,
1855.666,
5592.661999999999,
6668.567,
6491.676,
12440.184000000001,
3548.0640000000003,
1855.743,
4223.891,
2655.8869999999997,
1856.215,
1860.4160000000002,
2851.969,
2867.637,
2675.5080000000003,
16880.845,
14348.104,
1855.401,
2875.7760000000003,
2424.336,
2344.123,
2263.869,
3687.8540000000003,
1860.0140000000001,
4887.703,
1859.928,
2268.4139999999998,
4056.469,
4464.417,
1855.41,
3628.009,
1859.7109999999998,
4080.26,
2580.281,
3787.2180000000003,
2263.365,
4583.844,
1860.079,
3375.897,
1860.066,
2655.605,
2828.717,
1860.557,
4228.195000000001,
2856.035,
2811.8599999999997,
3551.985,
1859.8619999999999,
1856.239,
1860.195,
4900.223000000001,
6664.073,
1855.4679999999998,
5324.1630000000005,
1859.361,
2344.044,
5008.581999999999,
2504.102,
12664.815,
4287.924,
5604.274,
7111.996999999999,
2268.154,
1855.8539999999998,
2859.7380000000003,
7387.494000000001,
2344.085,
1859.716,
3143.864,
2423.66,
1859.9650000000001,
9688.192000000001,
1860.6529999999998,
4316.363,
1856.3529999999998,
1859.8410000000001,
3787.891,
2500.54,
9764.682999999999,
1855.624,
3347.895,
2424.2149999999997,
1859.6809999999998,
3591.7059999999997,
1860.844,
2988.1549999999997,
8112.463999999999,
2815.858,
5620.344,
4160.415999999999,
6324.532999999999,
5964.870999999999,
2660.05,
3784.3239999999996,
2579.477,
2500.56,
1860.4830000000002,
1860.059,
2263.7909999999997,
4144.656999999999,
4708.3060000000005,
2343.7160000000003,
1860.3400000000001,
3912.096,
2580.087,
4179.215,
1859.998,
2751.817,
2423.743,
5071.628,
1860.11,
13104.276,
1860.3609999999999,
2343.885,
11211.472,
2268.57,
1859.7379999999998,
1859.619,
3587.942,
3616.527,
4352.11,
1859.199,
4307.599,
2735.777,
3711.986,
1859.737,
3300.243,
4256.272,
6667.827,
2267.9109999999996,
3984.373,
9852.898,
4195.737,
8203.887999999999,
7255.889,
1859.9460000000001,
4271.848999999999,
10715.867,
4352.168,
4887.184,
3380.3390000000004,
1859.6580000000001,
4979.749,
4444.491,
12391.619,
8535.880000000001,
1859.266,
2268.026,
6947.831,
1860.126,
3471.743,
2736.052,
2348.1459999999997,
1860.33,
2348.241,
4636.088,
9712.826,
1859.818,
1859.591,
1859.4409999999998,
1860.309,
2347.4610000000002,
1860.107,
1860.324,
3067.687,
10371.985999999999,
6376.075,
2851.7960000000003,
13180.892,
2739.919,
5276.814,
2499.727,
2580.1,
1860.376,
1860.118,
1859.98,
1859.641,
6500.447,
1859.7459999999999,
2423.4559999999997,
4419.803,
4663.927000000001,
3700.143,
1860.112,
5543.847000000001,
4780.2,
1864.234,
6900.372,
5260.1449999999995,
2268.215,
3992.099,
1859.9669999999999,
7798.706,
4212.114,
4523.7660000000005,
1861.105,
2912.1800000000003,
1864.43,
2852.368,
2992.481,
3067.671,
5016.634,
11179.903,
3839.0620000000004,
2426.835,
1860.9089999999999,
9291.591999999999,
3143.7909999999997,
2992.2110000000002,
1863.52,
2268.155,
2423.56,
1860.569,
2740.395,
5716.393,
7220.749,
4667.464,
7404.468,
2987.1910000000003,
1859.615,
2584.474,
1860.308,
1863.638,
2504.235,
18837.07,
1860.2540000000001,
6771.648,
2992.1859999999997,
5463.728,
2859.5730000000003,
1859.557,
3632.321,
3223.773,
3740.185,
3148.1789999999996,
3696.35,
4508.335,
5436.599,
2503.037,
6761.03,
2756.042,
1860.0939999999998,
1863.839,
4316.256,
4339.991,
5796.749,
5279.893999999999,
1860.2160000000001,
2835.536,
1864.162,
8500.135999999999,
2267.8790000000004,
3632.103,
5856.405,
4104.505999999999,
5143.994000000001,
1864.152,
2423.745,
2427.892,
4976.216,
3851.9230000000002,
2267.8720000000003,
5543.97,
1864.6499999999999,
3695.7,
1864.514,
2831.737,
4068.5460000000003,
1860.611,
1864.231,
5764.743,
2347.857,
4352.129,
7188.137000000001,
2856.165,
4988.055,
5508.511,
3936.5730000000003,
5448.5650000000005,
3252.229,
4639.942,
2747.8340000000003,
2731.952,
2340.013,
2652.2999999999997,
4816.476,
2855.756,
5219.148999999999,
13203.677000000001,
14408.403,
1852.308,
6096.318,
4223.93,
2259.777,
3392.181,
1856.1049999999998,
6455.584,
4092.2980000000002,
2496.0879999999997,
3141.006,
4753.072,
9160.06,
2651.741,
5732.006,
2419.878,
2743.529,
2651.955,
4716.105,
3060.549,
4952.483,
12771.665,
1855.508,
3568.645,
3352.5260000000003,
2415.505,
7023.710999999999,
1855.8319999999999,
5143.897,
3059.123,
5736.023999999999,
4020.079,
4503.279,
2667.611,
1851.863,
2651.9590000000003,
3751.709,
2828.8199999999997,
6483.962,
8540.236,
5036.335,
9192.679999999998,
2340.333,
2731.823,
5828.475,
1855.783,
3451.762,
1857.143,
12644.556,
4376.191000000001,
2495.468,
2260.0989999999997,
2732.476,
1855.647,
2903.758,
6468.14,
9604.181,
5479.964,
1856.067,
2828.223,
2264.736,
8299.803,
1856.3609999999999,
4699.985,
1855.957,
3343.9869999999996,
7444.376,
4016.305,
2264.277,
3876.4820000000004,
1855.933,
3295.938,
7836.178999999999,
3295.5570000000002,
11040.288999999999,
3547.548,
1855.8120000000001,
2420.036,
1856.201,
1856.387,
8204.018,
3993.0099999999998,
5256.374,
6916.461,
1855.765,
3296.154,
6255.719,
3875.346,
1856.356,
1855.574,
3876.157,
3139.974,
3831.255,
3215.4519999999998,
3660.645,
4147.576,
2343.89,
11127.807999999999,
5905.338000000001,
4963.47,
2732.008,
2495.925,
6744.157,
1855.637,
1855.975,
1855.291,
1855.8539999999998,
4032.1259999999997,
1855.662,
2419.7419999999997,
1855.161,
1855.202,
1855.817,
1856.3210000000001,
6844.061,
4059.985,
1855.511,
2656.466,
3580.082,
2731.8570000000004,
2875.646,
3704.3740000000003,
6488.021,
8060.435,
4571.734,
7408.0019999999995,
1855.864,
2420.207,
2860.502,
3835.481,
3296.454,
10244.747,
4216.027,
3531.534,
2344.379,
6604.025,
3256.043,
5415.6269999999995,
2751.887,
14308.713,
6275.879,
8008.084,
1855.75,
4636.325,
6856.442999999999,
4543.624000000001,
3956.604,
1856.253,
1855.911,
1856.076,
3296.018,
1855.982,
1856.122,
5615.911999999999,
1856.33,
3139.571,
2263.1510000000003,
3784.6479999999997,
2264.2850000000003,
1856.035,
1856.12,
4663.711,
2340.2949999999996,
7900.157,
9539.777,
7872.503,
2420.212,
4804.311000000001,
5648.392000000001,
2732.1059999999998,
2731.49,
2908.71,
10176.041,
2576.3669999999997,
1856.0449999999998,
1855.428,
2420.336,
6095.434,
1856.572,
10979.952000000001,
2656.348,
5728.539,
4280.348,
3063.882,
3660.2670000000003,
3507.749,
7451.925,
1855.74,
1856.36,
1855.8349999999998,
2580.647,
1856.247,
1855.383,
2856.145,
3692.24,
3276.491,
8159.6810000000005,
2851.983,
6797.17,
7771.515,
5432.2119999999995,
1856.22,
3628.616,
4364.474999999999,
16400.597999999998,
8484.577,
3767.639,
2752.184,
5808.645,
5512.359,
1855.387,
1855.897,
1859.049,
3664.344,
1856.401,
2909.0029999999997,
1855.72,
2907.592,
6272.518,
2579.425,
2344.0319999999997,
3783.9900000000002,
5916.543,
2420.584,
5592.42,
4932.049,
6959.798,
4311.832,
2751.352,
5827.866,
5336.643,
3944.169,
6155.791,
1855.679,
19600.311999999998,
2343.773,
1860.291,
3224.017,
2263.004,
4860.219,
2659.312,
2907.8909999999996,
1856.1680000000001,
2500.4610000000002,
2987.672,
1855.748,
1860.468,
1859.751,
1859.693,
2656.263,
2344.313,
1856.2399999999998,
3236.606,
4836.199,
7200.116,
2656.084,
1861.059,
2343.909,
2344.024,
2343.508,
3755.9680000000003,
1860.6450000000002,
2267.5209999999997,
9752.942,
4180.254,
2576.1929999999998,
3375.707,
1856.274,
7484.469,
1860.291,
1855.923,
1855.737,
3431.849,
1860.211,
8568.182999999999,
1860.5240000000001,
3535.511,
3455.736,
3063.507,
2348.397,
2499.723,
2659.5620000000004,
3748.059,
2908.339,
1855.839,
2263.9900000000002,
1859.663,
1860.2060000000001,
2908.0020000000004,
3067.796,
5828.143,
5052.708,
2860.595,
3456.068,
1859.807,
2423.639,
2987.932,
2735.6639999999998,
8128.876,
2343.065,
14016.445,
3379.4629999999997,
1859.8680000000002,
4195.514,
2868.332,
4855.95,
2424.648,
5036.331999999999,
2343.921,
1860.638,
2343.687,
2735.605,
5500.013,
5983.857,
4899.863,
3708.241,
2424.201,
5003.731,
3632.168,
3536.608,
2344.355,
4271.357,
1860.227,
5515.796,
10095.579000000002,
1859.7859999999998,
7404.535,
2343.727,
4035.8390000000004,
10456.022,
2503.621,
3472.587,
1860.632,
3943.972,
3224.2000000000003,
2268.034,
5411.6759999999995,
7900.003,
2500.279,
4952.522,
3447.767,
5748.246,
1860.554,
2855.907,
4663.871,
1860.125,
4100.128,
2908.094,
1859.762,
2423.824,
4819.9529999999995,
4427.925,
1860.277,
3988.0429999999997,
4195.575,
4891.854,
3551.8360000000002,
5751.663,
3144.192,
6307.698,
2864.329,
1859.4679999999998,
3348.25,
7119.809,
2343.808,
3148.571,
1860.3400000000001,
1863.696,
1860.23,
2504.749,
7312.213,
1860.328,
2503.248,
1860.48,
2268.398,
3299.944,
6308.3369999999995,
1860.4279999999999,
1860.352,
6852.271,
8208.51,
7028.254,
1860.636,
2816.3559999999998,
3499.911,
4099.691,
8371.098,
8092.482,
1860.692,
2988.0969999999998,
5152.2880000000005,
5667.909,
11291.959,
2423.938,
1860.48,
2659.768,
1859.501,
4760.664000000001,
3519.687,
2855.774,
6192.236,
1859.968,
1860.749,
8947.945000000002,
1859.285,
5212.5019999999995,
3476.311,
3304.151,
1859.642,
8704.824999999999,
1860.687,
2816.267,
3268.535,
2883.345,
5012.3949999999995,
3459.765,
2424.095,
2503.968,
1860.5179999999998,
4940.014,
2579.672,
1859.046,
6203.622,
2584.234,
9520.346,
1864.202,
4540.485000000001,
6864.238,
1859.616,
2660.127,
1859.588,
5252.471,
3535.4700000000003,
2423.967,
13100.853000000001,
6532.197,
11291.606,
1863.3990000000001,
2864.4660000000003,
2268.101,
2423.8309999999997,
3787.6059999999998,
1864.087,
2816.739,
6400.364,
5675.782,
5132.122,
1860.3529999999998,
4179.782999999999,
4995.819,
1860.407,
3476.081,
3631.898,
1863.839,
1864.1779999999999,
3616.822,
1863.753,
5452.313,
5300.296,
4275.854,
2988.779,
3067.875,
7580.337,
4588.035,
1860.352,
11060.161,
2659.56,
2348.203,
2268.132,
4105.054,
1864.43,
2504.641,
7764.562,
1864.445,
2815.908,
3147.4350000000004,
3223.8030000000003,
3148.573,
2583.8160000000003,
7255.989,
1859.85,
4840.651,
1864.67,
6764.4529999999995,
4116.195000000001,
5507.706,
2272.8199999999997,
5811.713,
2423.93,
1863.918,
3511.516,
3752.686,
1863.636,
1864.6799999999998,
2267.8120000000004,
2339.7980000000002,
3668.18,
2979.857,
4376.013999999999,
3259.7619999999997,
2855.825,
2652.208,
4872.573,
1856.699,
1852.234,
1852.036,
4112.491,
3215.859,
7575.92,
1851.25,
2855.127,
1851.616,
2808.1299999999997,
2495.59,
5359.995,
2420.281,
1851.863,
5300.355,
4752.083,
2259.75,
5576.922,
1852.2430000000002,
5560.396,
2823.827,
2420.281,
3236.062,
2979.889,
2748.5339999999997,
7228.182000000001,
1851.815,
1855.768,
1856.1190000000001,
3216.2380000000003,
4268.225,
5892.261,
1851.945,
3375.511,
2879.751,
2419.925,
3231.64,
5019.8369999999995,
2339.2490000000003,
3328.388,
5660.542,
2259.324,
2868.291,
2812.049,
4136.052000000001,
2880.159,
1852.402,
3060.486,
2903.488,
1855.853,
4659.99,
1851.9350000000002,
6620.139,
3235.078,
5651.81,
1855.6680000000001,
5035.967000000001,
2496.455,
1856.143,
3687.685,
1856.11,
3452.512,
4504.330000000001,
7560.361999999999,
2339.908,
2852.083,
1855.964,
2496.062,
1855.923,
3296.0060000000003,
3579.709,
1856.3149999999998,
2339.3559999999998,
1856.154,
1856.037,
1856.112,
2652.2329999999997,
3468.0170000000003,
4095.6469999999995,
2812.005,
1856.3860000000002,
3060.407,
3364.541,
1855.247,
6895.41,
1856.0620000000001,
4584.06,
12535.564,
4895.334,
3784.531,
3731.824,
1856.048,
5904.509,
2847.3489999999997,
5988.317,
1855.192,
9683.894,
2263.5040000000004,
6715.403,
2811.692,
1855.6280000000002,
5632.172,
7700.529,
1856.2099999999998,
3860.239,
7243.819,
2672.221,
4323.938,
4660.391,
1855.715,
3376.866,
4628.585,
1856.239,
2983.889,
5867.911,
1856.058,
3939.749,
14564.036,
2340.5499999999997,
4580.644,
4267.5689999999995,
2828.801,
1855.87,
9219.952,
1855.2079999999999,
3600.38,
3295.412,
5672.603,
5164.0199999999995,
4347.891,
1855.8980000000001,
2984.8089999999997,
1855.903,
2656.016,
5191.437,
6827.915,
3892.049,
6308.8550000000005,
4959.902,
1856.244,
15004.05,
9520.557999999999,
9004.186000000002,
5955.731,
1855.883,
2499.571,
3940.436,
2655.073,
2419.812,
2344.033,
5192.160000000001,
3456.141,
1855.873,
9440.669,
3295.696,
1856.333,
1855.8680000000002,
3627.6150000000002,
3783.058,
3140.107,
2339.023,
3063.567,
3419.9700000000003,
4603.948,
1855.8490000000002,
2908.1009999999997,
4315.628000000001,
1856.4879999999998,
4400.432000000001,
3455.777,
3784.549,
2812.128,
3236.3179999999998,
8456.564999999999,
1859.9969999999998,
4192.026,
2420.0409999999997,
8541.492999999999,
1855.911,
8128.342999999999,
3236.197,
4992.091,
1855.8909999999998,
2263.763,
4772.276,
2265.009,
2847.791,
8515.506,
8176.009000000001,
1856.614,
2812.4159999999997,
7779.363,
5805.015,
4311.576999999999,
1856.29,
2875.564,
1856.6750000000002,
5268.026,
3143.554,
3836.006,
3744.313,
2876.156,
1856.2920000000001,
1855.8809999999999,
1855.543,
5931.517000000001,
3219.1200000000003,
6475.848,
4595.621,
1855.937,
4519.785,
5556.273,
4975.399,
3300.0989999999997,
1856.509,
5067.941,
3391.6569999999997,
2736.539,
4003.43,
5896.473,
3864.6189999999997,
1860.393,
3552.413,
3572.204,
6656.182000000001,
6379.585999999999,
4155.972000000001,
1860.7,
2344.0629999999996,
1856.08,
5504.457,
4331.9169999999995,
2263.539,
1855.244,
1856.0639999999999,
1855.919,
1856.774,
3783.899,
6407.625999999999,
5564.033,
3139.5719999999997,
5756.245,
3927.615,
1855.902,
2499.86,
1855.389,
5969.424,
2343.951,
2424.832,
1860.117,
2815.92,
4083.74,
8284.812,
7404.125,
6876.119,
5476.26,
3660.996,
2812.139,
3535.851,
3820.541,
2264.0440000000003,
3260.246,
3351.958,
1860.067,
1859.831,
2656.342,
3743.919,
1855.757,
17356.493000000002,
5024.015,
4019.729,
2423.697,
1860.163,
4428.282,
1859.429,
1861.251,
1860.198,
5412.305,
2499.969,
4427.705,
1860.384,
2263.8889999999997,
1859.717,
10009.349,
3707.9230000000002,
4428.886,
3740.504,
3803.922,
9656.247000000001,
2868.1,
1859.828,
1855.972,
4935.606,
4164.005999999999,
3299.8630000000003,
1860.178,
1859.308,
1860.52,
4219.983,
2907.939,
5948.293,
1860.066,
7184.554999999999,
4756.008,
1860.462,
6152.351000000001,
6395.652,
6440.007,
3788.026,
2343.928,
1859.403,
1859.9950000000001,
4744.004999999999,
1860.061,
3063.123,
4148.382,
7476.496,
2660.2019999999998,
2344.076,
2268.261,
3472.104,
4836.0380000000005,
1860.165,
3223.7749999999996,
3536.348,
1860.47,
2988.389,
6172.525000000001,
2504.0930000000003,
2815.263,
3160.612,
4779.534,
6948.24,
1859.935,
2424.17,
2988.779,
1860.64,
4744.0470000000005,
2424.525,
4443.919,
4083.7219999999998,
1859.923,
3160.538,
10928.894,
8231.968,
3144.2450000000003,
6932.226,
7160.295,
1860.185,
1860.0520000000001,
1859.806,
2660.076,
5999.602000000001,
1860.08,
5976.384999999999,
2347.7070000000003,
1859.514,
4063.7160000000003,
2736.6169999999997,
2422.936,
9168.108,
4540.629,
2504.579,
3143.047,
7919.826999999999,
2423.905,
1860.4950000000001,
10880.25,
1859.679,
3627.578,
2860.2780000000002,
1860.387,
1859.785,
1859.559,
2872.216,
1861.144,
1860.228,
1860.482,
11764.442000000001,
3760.532,
1859.097,
5187.732999999999,
7537.111000000001,
1858.9679999999998,
1860.186,
4427.779,
3223.747,
1859.975,
5719.613,
1859.586,
2504.21,
3223.575,
2584.275,
2348.547,
3351.407,
2660.6519999999996,
2503.85,
7023.999,
3679.311,
3664.901,
2504.477,
1860.399,
2867.683,
2755.965,
1859.026,
2660.635,
1859.0169999999998,
2860.506,
4992.191,
5935.588,
1860.452,
3852.1420000000003,
7296.252,
1859.201,
4196.79,
4172.407999999999,
2268.48,
2820.364,
8708.036,
4995.639999999999,
4900.195,
3616.311,
3552.449,
8928.758,
3632.174,
2348.1960000000004,
2832.2980000000002,
4935.564,
4100.469,
2860.522,
3923.656,
2347.89,
1863.538,
9680.707,
2879.904,
6959.936,
2867.308,
5432.400000000001,
3378.8680000000004,
3143.98,
3707.8,
5624.5560000000005,
2860.038,
2502.759,
1860.092,
4796.282,
4980.1630000000005,
1858.479,
1859.8980000000001,
4523.7970000000005,
2348.453,
3224.52,
1861.0059999999999,
4675.385,
2427.5730000000003,
2879.1730000000002,
1863.207,
4667.467000000001,
1860.382,
4024.224,
1865.116,
6763.833,
1863.8220000000001,
1864.078,
1863.971,
2347.646,
5748.107,
3600.0,
5011.59,
2859.906,
1859.364,
4056.507,
2268.193,
3764.1040000000003,
1860.058,
4024.095,
1859.281,
2348.293,
1864.338,
3267.77,
2987.156,
1859.998,
3372.969,
4859.911999999999,
5507.658,
2880.668,
4719.281,
2504.331,
1860.26,
1863.975,
3575.653,
3759.899,
1860.054,
3476.629,
4216.6410000000005,
8588.545999999998,
1863.329,
1862.682,
5000.291,
1860.0049999999999,
2855.665,
2911.975,
5201.035,
1856.084,
2863.082,
1852.2749999999999,
3848.817,
2747.538,
6375.9,
4499.827,
3295.658,
4092.153,
1855.971,
2808.893,
3859.735,
1852.687,
2732.123,
2731.818,
1852.082,
7904.432,
2823.963,
1853.07,
1855.149,
2414.894,
7692.179,
2851.553,
4032.006,
2260.0150000000003,
5836.303,
2496.969,
5572.5199999999995,
2259.183,
5608.2210000000005,
6099.802000000001,
1855.79,
2851.335,
1851.315,
2851.9199999999996,
5447.802000000001,
1855.969,
3375.2369999999996,
2495.5370000000003,
4392.137,
2904.379,
1855.9969999999998,
5960.381,
2339.626,
1855.691,
3140.529,
3232.1040000000003,
3140.088,
4150.523999999999,
4252.112,
4072.349,
3431.4809999999998,
2747.411,
1856.101,
3139.559,
1855.734,
3452.787,
5028.4529999999995,
4208.3009999999995,
13540.241,
2264.598,
2856.2599999999998,
1851.9669999999999,
2496.101,
5260.284000000001,
2848.195,
1853.114,
1855.742,
5824.642,
2864.188,
3859.955,
1855.949,
3823.517,
1851.3129999999999,
4060.1380000000004,
2903.517,
4675.900000000001,
1856.02,
1852.363,
7036.0560000000005,
1856.6609999999998,
9155.388,
5996.341,
2980.262,
1855.403,
1855.538,
2419.744,
1856.056,
3248.027,
3356.064,
2811.734,
9119.895,
5819.045,
5632.112,
3231.228,
5772.152,
4423.989,
4315.388,
2983.767,
3623.6290000000004,
3467.9359999999997,
1855.829,
4300.16,
2420.517,
2655.589,
8751.404,
3983.643,
1855.877,
1856.431,
5744.092000000001,
7643.831999999999,
3647.587,
5412.225,
7407.589,
1855.469,
1856.596,
2812.367,
1855.778,
2864.107,
4424.988,
3074.831,
1856.85,
2339.433,
3295.7459999999996,
4873.373,
2812.167,
2495.8,
1855.61,
7028.015,
7836.455,
4895.902999999999,
3456.51,
6679.611000000001,
3784.48,
3375.162,
2262.9809999999998,
1855.68,
2263.947,
1856.756,
2907.4339999999997,
7442.915,
2420.171,
2421.16,
8723.522,
2344.055,
3532.384,
1857.365,
1856.024,
4992.445,
2264.561,
7208.014999999999,
1855.9270000000001,
2855.924,
5068.664,
3260.021,
3887.984,
1854.963,
4271.5,
1855.9730000000002,
1855.414,
1855.582,
2580.775,
2880.489,
3063.225,
2732.7,
3747.928,
3784.139,
3548.304,
3804.191,
3708.932,
2580.6809999999996,
4579.436000000001,
2856.592,
4292.525000000001,
3548.293,
1856.586,
2501.365,
7391.46,
3940.1440000000002,
2656.142,
1856.787,
4311.736,
6352.111,
10503.012,
3647.507,
1856.085,
2731.145,
4428.817,
1856.088,
2828.106,
1856.5990000000002,
3863.5609999999997,
7075.955000000001,
3749.2009999999996,
3660.227,
1855.469,
2576.489,
12263.655999999999,
2656.232,
2576.2070000000003,
1854.362,
1855.5729999999999,
3691.8419999999996,
6125.447999999999,
1855.664,
1855.087,
5108.269,
1856.48,
3895.3289999999997,
3064.524,
1854.778,
2343.906,
2344.176,
5163.977,
1856.215,
2419.424,
1854.849,
4659.283,
1855.054,
5007.857,
1855.6109999999999,
3375.66,
8183.7,
1855.6889999999999,
7448.032,
5384.48,
1855.249,
2655.9970000000003,
2871.899,
2908.4500000000003,
4192.161999999999,
3376.652,
2579.491,
2848.215,
3316.1330000000003,
2844.547,
3647.833,
1856.5529999999999,
4432.183,
5444.604,
3573.644,
3220.163,
1860.3110000000001,
2500.458,
1860.305,
2579.556,
4599.7570000000005,
3455.626,
1858.996,
4340.652,
1856.787,
2265.3430000000003,
6892.028,
3783.407,
3471.7920000000004,
9147.886,
1860.266,
2580.259,
9148.768,
2580.025,
1860.0890000000002,
3851.478,
5067.580999999999,
5131.875,
4072.146,
6820.6449999999995,
1860.272,
1860.086,
4272.048,
2344.742,
3552.04,
5831.485,
2423.581,
3551.955,
1860.944,
2816.249,
5372.5,
4734.652999999999,
2827.7709999999997,
3379.725,
3064.0040000000004,
1859.863,
2736.3559999999998,
2852.177,
1861.5720000000001,
1860.0220000000002,
1860.867,
1859.5759999999998,
4679.624,
7312.052000000001,
7121.013,
1859.6299999999999,
2907.3540000000003,
2857.0769999999998,
4916.205,
1859.439,
3956.8469999999998,
2660.479,
4788.0419999999995,
2266.848,
3358.409,
8120.212,
1859.642,
2265.26,
5468.101,
2579.581,
5475.647999999999,
6981.47,
2499.418,
1859.1329999999998,
5635.808,
2264.063,
2736.866,
7116.9130000000005,
4428.5560000000005,
2737.335,
3683.9230000000002,
4612.599999999999,
2267.565,
1860.832,
2855.026,
2832.553,
9275.372000000001,
2657.552,
8793.043000000001,
1859.908,
1859.213,
1860.503,
1860.1319999999998,
2262.321,
8411.322,
2424.051,
2423.505,
6791.689,
3535.363,
3800.111,
2501.3179999999998,
1860.306,
5916.711,
3784.862,
8936.326,
1859.57,
3536.101,
6708.738,
2345.101,
4376.556,
1860.327,
1860.181,
3627.05,
1860.038,
4195.6449999999995,
1860.202,
3144.076,
1859.594,
5003.882,
2499.301,
1859.964,
1859.7649999999999,
1859.315,
7231.851,
4819.679,
1859.705,
2815.1150000000002,
9023.69,
4099.48,
8191.784000000001,
5462.933,
5036.148,
4151.951999999999,
5400.267000000001,
2423.294,
2347.403,
5228.228999999999,
9880.413,
6629.192,
3724.053,
2863.996,
2504.7619999999997,
2344.883,
8943.659,
4012.1450000000004,
5264.559,
2907.951,
4991.627,
5232.371,
1858.781,
3692.326,
2424.005,
1860.343,
2987.073,
2500.458,
1860.8890000000001,
1860.228,
7756.242,
1860.411,
4084.153,
5619.848,
2268.329,
1863.834,
3503.531,
2348.024,
6863.968,
1859.944,
1860.459,
3835.6189999999997,
1859.326,
3504.103,
5887.843,
4276.178,
1859.4969999999998,
1860.06,
2502.7180000000003,
4087.0360000000005,
4272.175,
7955.880999999999,
2847.698,
4869.078,
9604.276,
2267.1929999999998,
1860.001,
1860.561,
1860.1689999999999,
6732.746,
3475.678,
1859.5680000000002,
1860.638,
4103.353,
8807.956,
3868.696,
4399.956,
2911.8740000000003,
9599.771999999999,
5183.521,
2675.381,
1860.3719999999998,
3264.41,
2347.672,
5967.901000000001,
6987.419,
1859.252,
4843.523,
3380.0750000000003,
3712.439,
8387.556999999999,
11935.507,
11036.189999999999,
2346.438,
3552.066,
3786.585,
8520.236,
4195.145,
4039.5820000000003,
9576.573,
3616.28,
1864.142,
2815.438,
2870.7419999999997,
4024.599,
1859.2830000000001,
1862.3909999999998,
2348.5330000000004,
3379.942,
2868.351,
5167.948,
2423.449,
2584.079,
1862.3410000000001,
4555.266,
3508.907,
2988.727,
1859.511,
5904.249,
3067.88,
7028.516,
2503.926,
4540.608,
18979.951,
1863.5349999999999,
4655.537,
1861.514,
4448.433,
4083.888,
2347.907,
1864.2160000000001,
1863.704,
3395.746,
1860.1570000000002,
5636.099,
1860.067,
4623.863,
1858.349,
2424.6859999999997,
1864.923,
8620.675000000001,
5815.877,
2503.851,
1862.123,
4444.652999999999,
5916.698,
5983.949,
1863.479,
8839.411,
1859.787,
1865.0169999999998,
5248.103999999999,
2992.844,
1863.757,
2422.871,
2879.968,
1863.8570000000002,
1859.5520000000001,
7936.139,
2262.128,
5915.904,
2575.7780000000002,
2576.426,
3915.592,
6873.061,
1856.375,
3075.5119999999997,
5235.175,
2339.6710000000003,
2500.216,
4344.781,
1852.0810000000001,
2415.916,
1851.969,
3061.823,
2871.802,
1852.891,
1852.195,
6507.902,
1850.842,
3371.687,
1855.941,
1851.07,
6783.7519999999995,
1851.574,
2575.46,
3887.3959999999997,
5264.3,
1852.858,
1855.053,
9347.799,
2867.759,
1855.184,
2732.32,
4748.061,
2495.4100000000003,
7723.738,
9333.696,
2340.101,
2904.0240000000003,
3377.6459999999997,
2983.997,
1856.6290000000001,
4291.79,
3332.64,
1855.231,
3783.706,
1851.7250000000001,
2823.569,
1856.399,
3756.065,
1856.457,
8716.292,
5063.825,
7377.059,
7495.729,
1856.031,
7843.740000000001,
4059.5860000000002,
6632.083,
5979.059,
1855.6399999999999,
7367.61,
4864.072,
4111.472,
7400.014999999999,
1855.999,
3903.147,
13273.199,
2655.728,
11140.19,
4423.561000000001,
2863.196,
3784.103,
3939.851,
2496.0,
2496.074,
1856.104,
7116.147,
1855.937,
2260.8830000000003,
4096.3060000000005,
4380.0160000000005,
2848.2940000000003,
1856.692,
2263.7839999999997,
1855.663,
15736.103,
4332.025,
3423.942,
3704.2160000000003,
3451.383,
4424.629000000001,
1855.427,
10736.841999999999,
4280.072999999999,
1855.8539999999998,
1856.088,
6060.192,
4236.637,
2732.328,
1855.7079999999999,
4032.5170000000003,
9184.567,
3064.728,
2747.561,
2418.991,
5731.471,
5495.557,
5895.938,
1855.61,
4175.99,
3955.512,
5616.67,
6212.857,
2419.782,
3284.612,
1856.584,
1855.982,
4175.9839999999995,
2652.0739999999996,
3859.28,
1855.6680000000001,
5224.534000000001,
1851.452,
3549.331,
5868.703,
2420.5570000000002,
4787.217,
1855.9479999999999,
3418.9440000000004,
2419.752,
3451.438,
4136.294999999999,
2735.9770000000003,
3756.7400000000002,
2420.505,
1855.3809999999999,
5108.031999999999,
3852.143,
3611.683,
5819.79,
1857.3310000000001,
4095.986,
2263.808,
2342.174,
6632.137000000001,
3139.455,
3904.331,
2811.799,
7139.362,
4784.7970000000005,
3356.2690000000002,
5555.924,
1855.575,
2656.2999999999997,
6212.722000000001,
1855.7630000000001,
3142.852,
2339.5350000000003,
3455.894,
1856.3909999999998,
4364.485000000001,
1855.737,
4543.0380000000005,
4535.84,
1856.613,
2577.5190000000002,
10535.939,
2263.35,
1856.02,
5232.160000000001,
1857.0390000000002,
2340.083,
1856.704,
10688.461,
3300.274,
1854.95,
5040.085999999999,
2811.751,
4660.667,
2984.0339999999997,
1857.3249999999998,
4827.6630000000005,
2852.122,
8328.997,
4484.339,
2344.052,
3532.219,
4504.567,
1856.27,
1856.2430000000002,
2734.983,
1860.258,
2735.277,
1855.764,
1856.8960000000002,
4596.279,
2263.745,
3296.315,
3063.685,
3940.512,
1856.3039999999999,
5744.686,
1855.1,
3626.96,
2343.412,
2500.7039999999997,
3456.5679999999998,
5396.823,
4388.686,
8144.75,
7968.166,
3783.907,
1855.789,
2879.758,
2907.527,
1855.7630000000001,
4549.572999999999,
4852.232,
5268.7660000000005,
4467.590999999999,
2343.592,
1856.162,
1855.779,
1855.7740000000001,
3940.8120000000004,
1855.864,
3760.1209999999996,
2848.761,
4142.9220000000005,
4684.4619999999995,
1855.883,
6195.865000000001,
5896.3099999999995,
4292.9890000000005,
7612.064,
1855.461,
4756.012,
5072.923000000001,
4911.870000000001,
6264.549,
9276.762,
3278.8070000000002,
2811.204,
1856.295,
2263.973,
3300.818,
8356.461,
2268.678,
16628.114,
1856.288,
2264.1429999999996,
6808.906,
5912.231000000001,
2499.681,
1860.268,
4475.998,
4087.9950000000003,
4271.579,
5655.706,
3864.456,
1855.1100000000001,
4095.0740000000005,
5624.377,
4623.936,
1855.401,
1859.976,
1854.8629999999998,
1855.594,
1859.672,
1860.298,
3063.603,
2264.443,
3799.9109999999996,
4314.6449999999995,
7872.22,
2907.311,
5663.853999999999,
4993.042,
5042.836,
3782.9860000000003,
17344.485,
4819.732,
5184.821999999999,
1859.787,
2344.098,
7687.723,
2879.896,
5311.4400000000005,
12236.059,
1855.691,
2656.3469999999998,
2344.351,
7340.029,
1858.556,
5415.907,
1860.3,
1859.638,
4549.205,
1859.82,
3339.218,
6480.486,
12731.942000000001,
6419.42,
2816.292,
2658.029,
2881.635,
2989.4919999999997,
6495.29,
4587.629,
1860.042,
8244.009,
3707.866,
2343.956,
3063.32,
4255.2609999999995,
2871.6560000000004,
3336.845,
2423.925,
1855.839,
1859.5710000000001,
14035.885,
10084.414999999999,
1860.077,
8712.467,
6699.973,
2659.355,
5191.6089999999995,
3143.275,
3316.182,
1859.578,
1859.8609999999999,
2268.1749999999997,
1859.791,
5876.558,
2503.761,
2871.8219999999997,
5148.433,
6260.075,
3416.2780000000002,
5848.135,
1860.192,
5292.639999999999,
3476.071,
6920.27,
4116.323,
3144.7690000000002,
2348.02,
1859.57,
3724.2479999999996,
1860.309,
2848.149,
9256.697,
7795.845,
2872.265,
1860.212,
3316.375,
5671.840999999999,
5400.949,
7204.1630000000005,
4035.9299999999994,
3808.217,
2504.505,
4556.373,
6972.134999999999,
2424.5519999999997,
1860.031,
1860.114,
3788.2920000000004,
3788.229,
6999.79,
2423.09,
1859.406,
1858.611,
1860.044,
2987.934,
2344.703,
2267.781,
1859.488,
3667.652,
2268.136,
3300.3849999999998,
3679.4410000000003,
7308.411,
2816.4210000000003,
4152.213,
2579.91,
5940.233,
1858.85,
5636.202,
3148.037,
1859.642,
2988.489,
4303.456,
2875.6119999999996,
3264.714,
6167.242,
3788.585,
6211.884999999999,
2883.588,
4288.329,
4508.331,
1859.8049999999998,
4467.639,
3815.461,
2579.5170000000003,
5583.454,
4603.433,
2344.054,
2676.3210000000004,
2676.273,
5688.626,
1861.897,
3379.8740000000003,
1860.001,
1860.423,
10360.729,
1860.047,
1860.7959999999998,
1860.175,
3824.027,
1861.09,
2423.361,
5212.169,
5447.828,
2423.9120000000003,
1859.93,
2906.463,
2584.025,
7308.129,
4968.21,
8520.695,
1859.713,
8888.073,
8707.325,
1863.7189999999998,
3908.7079999999996,
12008.536,
3656.352,
4863.429,
1860.193,
1860.182,
2267.75,
5499.688,
3943.342,
3606.844,
1861.155,
6211.549,
6124.29,
2267.849,
1860.163,
3631.913,
5871.986,
1861.502,
2428.297,
2348.423,
5323.501,
2579.471,
8019.702,
3304.021,
8647.472,
5992.237,
3751.993,
2863.915,
3501.484,
3960.275,
1860.433,
2659.678,
1859.06,
4808.619000000001,
1859.888,
1863.9920000000002,
2347.956,
1858.754,
3068.702,
1863.532,
7276.098,
1858.908,
4724.756,
2271.435,
7287.601000000001,
1859.92,
3424.056,
3788.3089999999997,
9151.836,
11008.305999999999,
2504.109,
2268.152,
3068.462,
6168.047,
6958.7300000000005,
1864.773,
1863.567,
1864.0449999999998,
1860.326,
11512.526,
2741.381,
3148.027,
1865.522,
1860.067,
1863.9969999999998,
4587.96,
1864.4050000000002,
6789.308,
2815.5209999999997,
4780.371999999999,
6205.121,
2876.946,
5864.740000000001,
8024.151,
2419.667,
6603.1089999999995,
4384.5070000000005,
1856.411,
1852.412,
3568.167,
3768.353,
1856.862,
3917.14,
2260.08,
12504.894,
1851.6619999999998,
3139.795,
1851.2630000000001,
4987.995,
4660.224,
6592.531,
1855.926,
4472.084,
5127.697999999999,
2733.159,
1851.928,
2259.719,
2903.8740000000003,
4392.210999999999,
3940.5739999999996,
4528.11,
2731.793,
1855.566,
12280.204,
12999.983,
2980.192,
2863.896,
8216.623,
3628.184,
3219.426,
2575.348,
3671.2189999999996,
3139.5080000000003,
1851.976,
2571.8830000000003,
4423.488,
4031.398,
4307.784,
1851.972,
2264.2509999999997,
1855.987,
5136.74,
2867.863,
1852.93,
3859.667,
1855.913,
4580.2,
3392.451,
7928.562999999999,
4176.395,
6879.652,
3951.8759999999997,
5956.366,
8299.292,
2495.69,
4067.487,
4187.656,
1855.4330000000002,
4972.298000000001,
7728.29,
2339.89,
2656.045,
2733.0899999999997,
1856.2,
1855.7749999999999,
2420.9900000000002,
2732.4860000000003,
2339.262,
5123.877,
3452.5640000000003,
1856.001,
2263.721,
2851.957,
4736.716,
2731.8349999999996,
2851.723,
1856.19,
3295.538,
1856.759,
5120.116,
5567.375,
1855.326,
2263.9629999999997,
2576.6969999999997,
1856.489,
3704.1119999999996,
3451.7259999999997,
2731.1510000000003,
7208.144,
1856.1760000000002,
6231.959,
1856.2259999999999,
2732.215,
3139.48,
3895.605,
3220.021,
2264.235,
7327.529,
3531.744,
3375.963,
3568.701,
4164.5779999999995,
5656.057,
5067.954000000001,
4467.3679999999995,
4559.637000000001,
1855.904,
5707.652999999999,
4416.273999999999,
1854.9070000000002,
1855.42,
1855.7259999999999,
10728.926,
3392.2799999999997,
3375.047,
1856.32,
8064.168000000001,
1855.864,
8408.253,
5204.535,
1855.3390000000002,
5432.073,
2855.727,
4267.9439999999995,
1856.47,
2499.695,
2422.147,
4796.6939999999995,
2656.739,
1856.093,
3547.485,
5028.235,
2264.123,
1857.159,
5163.78,
1855.817,
11779.934000000001,
2576.545,
5535.8640000000005,
6252.486,
2496.6020000000003,
2731.942,
3144.657,
2735.98,
1856.473,
12667.918,
2848.828,
3628.359,
1856.401,
1855.718,
3376.566,
1855.928,
9904.473,
4348.142,
3740.072,
6120.453,
5523.952,
4111.1810000000005,
1855.373,
4032.6769999999997,
1859.544,
5567.490000000001,
1856.228,
3296.2180000000003,
3060.403,
1856.092,
1855.636,
2656.583,
2672.025,
4777.3,
3219.243,
3734.998,
1855.094,
7123.835,
6368.019,
5496.012000000001,
5444.066000000001,
13812.214000000002,
4660.112,
4179.03,
7760.008,
3595.951,
2420.4159999999997,
4620.078,
2500.613,
3627.868,
1855.629,
5367.349,
3220.022,
2499.8740000000003,
2266.543,
1856.035,
3628.0389999999998,
2656.8179999999998,
1860.161,
7329.039,
4156.294,
4035.8799999999997,
1856.396,
1856.4460000000001,
2867.995,
4600.348999999999,
2655.679,
3652.01,
6915.764,
2867.494,
9903.413,
1859.8410000000001,
1859.682,
3456.4159999999997,
2419.513,
1855.6770000000001,
1857.237,
2881.4410000000003,
4311.0869999999995,
2343.444,
12728.640000000001,
2655.939,
2424.2219999999998,
1855.47,
4478.773,
6668.742,
2579.972,
6840.907999999999,
1859.382,
3875.632,
5184.198,
3145.181,
5029.562999999999,
2343.88,
2343.698,
3719.6639999999998,
1855.724,
1856.396,
1855.647,
5843.936000000001,
2419.861,
1860.961,
4793.643,
3144.698,
9068.396,
8032.610999999999,
1856.126,
3455.861,
2423.984,
3472.091,
2344.167,
9251.83,
1860.6879999999999,
1859.543,
6372.143999999999,
2342.923,
4020.586,
3708.2639999999997,
6892.012000000001,
1859.1519999999998,
4519.923000000001,
13124.100999999999,
1855.6589999999999,
1855.8349999999998,
7235.897,
3831.267,
2500.4610000000002,
5824.347000000001,
1859.904,
4019.441,
1855.8539999999998,
4055.7949999999996,
1859.477,
1855.53,
1859.4630000000002,
3535.64,
5792.170999999999,
2498.864,
2736.103,
2867.572,
4100.421,
2883.619,
2268.427,
1858.371,
1860.4769999999999,
3472.772,
3706.918,
1861.394,
3315.693,
1859.9779999999998,
5320.008,
2263.3070000000002,
6076.011,
2500.232,
2263.9680000000003,
3864.397,
1859.097,
4583.53,
1861.143,
2267.148,
3300.0060000000003,
2811.455,
5823.9039999999995,
3788.358,
8256.382,
3263.957,
3219.768,
4716.31,
7339.400000000001,
2263.415,
4911.634,
2268.3019999999997,
7636.763,
6903.968,
2656.237,
4865.109,
2423.938,
1859.1329999999998,
2268.1650000000004,
5648.111,
4084.3619999999996,
3300.991,
7616.058,
1859.943,
1859.9730000000002,
1859.578,
3976.326,
1860.182,
11808.898,
1860.6339999999998,
1860.874,
4711.861,
1859.5710000000001,
3067.159,
6460.066000000001,
3626.643,
3143.979,
4772.738,
7469.089999999999,
1859.8220000000001,
2505.481,
3396.238,
4524.896,
5316.634,
2864.0310000000004,
4475.2429999999995,
2343.7760000000003,
2660.299,
3944.181,
8732.776,
4153.434,
1860.055,
1860.8329999999999,
2424.137,
3268.316,
3709.184,
4743.817,
4744.544,
1859.806,
3835.908,
1859.259,
4760.419,
5152.803,
3144.421,
3284.332,
1860.503,
1860.8029999999999,
1861.181,
8720.216,
4147.361,
3143.6549999999997,
6095.918000000001,
6052.777,
3582.384,
2349.2999999999997,
11168.365,
1860.0410000000002,
3299.7309999999998,
3655.676,
5152.053000000001,
6500.04,
2863.786,
2580.122,
1859.65,
3631.56,
2424.7000000000003,
1859.724,
1860.561,
6619.5380000000005,
2267.969,
1859.5649999999998,
5793.415999999999,
2661.677,
1861.013,
5523.447,
2739.744,
8879.664,
2504.422,
3399.99,
6107.209,
3144.879,
8660.295,
2504.696,
3999.703,
1860.017,
5500.911,
6845.240000000001,
1860.484,
5716.5160000000005,
6012.533,
3438.9919999999997,
3460.359,
3868.482,
4212.302000000001,
1860.376,
2268.2470000000003,
3067.7729999999997,
1859.0819999999999,
8516.328,
6541.702,
2859.453,
3143.784,
1859.471,
7494.803,
2348.065,
1860.696,
1860.445,
5139.956,
2740.968,
3223.96,
2503.6870000000004,
2878.842,
4480.668,
4412.994000000001,
2659.5789999999997,
3947.8849999999998,
1859.6809999999998,
2349.914,
2864.443,
1860.057,
1863.5759999999998,
1859.89,
2832.629,
5752.026,
1860.0520000000001,
1864.049,
4824.009,
8075.106999999999,
3536.136,
16064.654,
2859.487,
10604.626,
4692.019,
2912.36,
3223.839,
1859.8319999999999,
1858.4950000000001,
2504.29,
4391.644,
2347.78,
8220.361,
1859.1409999999998,
1860.576,
3632.565,
8711.788999999999,
1859.9540000000002,
4917.366999999999,
1864.536,
1864.125,
1864.249,
4447.855,
3148.053,
4896.738,
1858.557,
5616.136,
2427.328,
3352.043,
4480.599,
1863.596,
3147.96,
4915.61,
6472.049,
5951.88,
7641.034000000001,
2912.049,
4432.251,
2427.634,
1860.115,
4232.242,
1860.295,
2660.375,
2831.862,
2836.071,
7270.607,
1860.038,
1865.0690000000002,
1864.266,
1859.7250000000001,
2911.498,
1863.121,
2583.534,
3320.537,
8499.541000000001,
1863.1109999999999,
5684.877,
1864.255,
6596.39,
4987.517000000001,
1852.328,
3467.77,
4943.548,
1852.6789999999999,
1851.633,
1852.793,
1852.732,
3059.972,
2576.146,
4016.472,
7871.8859999999995,
2811.676,
2979.811,
4094.6809999999996,
7651.396,
2984.971,
1851.9589999999998,
2264.161,
2259.6530000000002,
3059.39,
3820.15,
4344.617,
8131.674999999999,
4851.952,
7212.627,
1855.1580000000001,
4252.347000000001,
4015.9599999999996,
2811.133,
4132.1810000000005,
4113.714,
4868.071,
4908.2429999999995,
2574.921,
3519.39,
2419.749,
2651.5339999999997,
1851.3790000000001,
3060.607,
2732.084,
3219.325,
1856.153,
4325.877,
4113.438,
4820.92,
3547.587,
4371.929,
1855.509,
1855.317,
1857.54,
1856.018,
1855.484,
1855.633,
4032.159,
1855.5330000000001,
5124.599,
2652.621,
3859.546,
4897.098,
3624.108,
4236.101,
2851.851,
5039.754,
2495.915,
4252.665999999999,
2650.1769999999997,
2732.2999999999997,
3359.849,
2903.4939999999997,
2419.487,
7620.004,
4328.174,
1856.1049999999998,
1855.698,
15599.493,
8468.647,
4288.344,
3254.5679999999998,
5563.565,
3796.518,
2655.838,
1855.6390000000001,
2494.958,
5512.504,
2575.25,
2731.3390000000004,
1855.9669999999999,
3058.9610000000002,
2811.7459999999996,
1857.237,
7751.244,
5659.754999999999,
5536.498,
4244.778,
3979.524,
6475.3189999999995,
4112.071,
2851.959,
6931.78,
7312.512,
4487.6630000000005,
4424.121999999999,
1855.7630000000001,
1856.327,
1856.328,
2903.2369999999996,
1855.644,
5764.186,
11048.583,
2859.782,
3547.484,
5253.419,
1855.622,
1856.6339999999998,
2867.3860000000004,
2575.565,
4423.89,
1854.737,
1855.68,
5728.788,
7728.142,
2656.139,
5303.952,
4919.7119999999995,
8108.209000000001,
4617.2789999999995,
1856.647,
2500.304,
1854.8819999999998,
2904.628,
3455.922,
1856.662,
2419.921,
16272.69,
1855.71,
4867.706,
3457.001,
4448.658,
2498.447,
3510.634,
3436.868,
2264.1490000000003,
2667.9680000000003,
2500.009,
4439.8460000000005,
2264.093,
1856.03,
4383.188999999999,
3811.962,
1855.684,
1855.958,
3767.65,
2420.648,
1855.82,
1856.44,
3704.576,
5066.792,
3627.107,
1855.99,
2419.306,
6507.621,
2419.9519999999998,
1855.8,
1855.2,
3296.1459999999997,
5293.235000000001,
3977.3489999999997,
5967.762,
1856.776,
1856.894,
4911.84,
1856.598,
3548.143,
1856.491,
3900.0020000000004,
1855.8300000000002,
5076.245,
1855.7140000000002,
4992.295,
9654.743,
7884.407,
1857.224,
1856.611,
1855.615,
1855.903,
3139.194,
2419.399,
2263.404,
4584.925,
3783.6929999999998,
1857.3010000000002,
1856.02,
2263.941,
8984.109999999999,
2579.93,
3296.4,
3454.92,
1856.271,
6224.168,
4819.466,
6468.369,
3295.2509999999997,
4964.214,
6532.473000000001,
10892.414999999999,
5083.889,
3139.888,
1855.194,
1856.568,
4137.235000000001,
6004.335,
4348.195,
1859.375,
6045.005,
3299.8759999999997,
2264.63,
1855.4850000000001,
2655.813,
2262.651,
2811.589,
6172.565,
3236.249,
1855.638,
5498.64,
2575.691,
1855.762,
2987.992,
2987.6040000000003,
8240.354,
3471.989,
2501.1040000000003,
4291.563,
3064.035,
4503.861,
1856.457,
2266.75,
4588.185,
4175.334999999999,
1855.8680000000002,
6615.949,
4251.374,
2907.579,
4912.204,
2988.858,
6136.167,
1855.962,
2866.899,
1857.107,
2656.228,
4582.733,
2500.091,
2580.12,
3392.2180000000003,
5555.919,
4444.032,
6032.307000000001,
2884.118,
1858.445,
5792.0470000000005,
2423.985,
4255.696999999999,
1860.242,
3783.983,
1860.1460000000002,
1860.1760000000002,
3456.5679999999998,
4004.4750000000004,
2264.202,
9471.777,
1856.303,
4100.572,
4935.838000000001,
2659.455,
3296.125,
1859.943,
12560.745,
8275.807,
3571.5910000000003,
4867.638,
5132.268,
4443.94,
1860.077,
4140.301,
1859.734,
4940.6230000000005,
3879.6949999999997,
1856.471,
3143.982,
6476.336,
5116.37,
5835.332,
4932.128,
2580.2309999999998,
2852.501,
5831.534000000001,
6596.281,
1860.133,
1860.354,
3275.9559999999997,
1859.963,
1860.087,
3815.815,
1859.551,
3693.773,
4088.19,
5196.028,
4520.762000000001,
2500.0789999999997,
2268.366,
4863.750999999999,
2752.434,
6702.601,
1861.226,
6936.631,
2909.08,
2499.919,
3759.766,
2736.953,
4273.706,
5231.506,
4491.648999999999,
2875.921,
5928.172,
1859.585,
2986.504,
6667.486,
5555.951999999999,
2988.019,
1859.697,
1859.664,
5539.04,
5227.826999999999,
1859.977,
2499.796,
5572.464,
1859.384,
1860.234,
2987.981,
3707.835,
3144.256,
3381.349,
1860.5449999999998,
1861.0469999999998,
3472.482,
2988.7549999999997,
3223.343,
1860.461,
7896.772999999999,
1859.846,
5811.474999999999,
3839.615,
3864.331,
2831.491,
2876.019,
5727.432000000001,
1860.396,
2872.224,
2909.046,
3783.143,
7458.88,
1860.2099999999998,
5828.386,
1859.404,
4665.281,
4707.516,
3355.42,
4344.041,
4084.0420000000004,
3143.972,
1860.186,
4548.037,
6604.624000000001,
2345.108,
2863.2200000000003,
1860.813,
5939.965,
3663.425,
4509.126,
6283.3240000000005,
3579.6299999999997,
1860.453,
1859.41,
1863.924,
1859.496,
5075.077,
2676.274,
3496.393,
3631.96,
7274.089,
3143.59,
1860.476,
5271.436,
1859.8509999999999,
2815.46,
3435.3889999999997,
2347.918,
6919.781999999999,
1859.797,
4916.201,
3880.073,
2267.33,
8480.09,
1859.883,
3429.585,
4678.765,
1859.389,
2855.318,
1860.1160000000002,
5416.279,
2856.6029999999996,
1860.5810000000001,
1859.926,
1860.385,
2580.127,
10788.211000000001,
2992.7990000000004,
3787.735,
6715.783,
4560.705,
4840.76,
1859.75,
6279.002,
2866.689,
8808.276,
3759.6549999999997,
8276.294,
11220.517,
3380.346,
2815.013,
2504.225,
4428.206999999999,
2876.208,
1858.978,
5095.829,
5036.202,
2815.801,
4723.079000000001,
7728.875999999999,
3304.609,
4387.869000000001,
1863.218,
4364.656,
3980.389,
1861.5040000000001,
1863.4109999999998,
1860.8819999999998,
4334.95,
10056.793000000001,
3539.804,
2504.5570000000002,
7047.994,
8095.712,
8347.55,
2675.265,
1863.44,
1859.561,
3524.312,
1859.589,
12196.304,
4684.246,
15572.896999999999,
1863.761,
9267.734,
1860.198,
7547.753000000001,
2883.6949999999997,
7900.2970000000005,
3507.7780000000002,
3148.391,
5840.228,
1863.502,
1863.759,
1861.026,
3256.621,
3983.386,
3067.408,
4971.844,
4760.496,
7247.215,
1865.084,
1860.8960000000002,
2875.757,
4731.96,
1864.3780000000002,
2504.003,
18304.458,
1863.661,
4916.054,
1860.641,
1864.046,
2348.167,
1864.4389999999999,
3475.629,
1863.271,
4863.763,
1860.0159999999998,
6924.509999999999,
3677.1549999999997,
6956.804,
1859.814,
6231.188999999999,
1864.921,
1863.864,
1863.467,
3476.3410000000003,
1863.4180000000001,
1860.358,
11968.25,
3880.15,
9864.800000000001,
2904.056,
2984.2529999999997,
2668.358,
1855.8159999999998,
2652.26,
2575.781,
6968.487999999999,
2496.365,
1857.385,
3659.971,
1851.771,
1854.67,
1852.178,
1855.699,
8851.133000000002,
3951.707,
1851.717,
2858.5609999999997,
2341.026,
3950.999,
3139.8959999999997,
2823.48,
1855.299,
1856.832,
1855.825,
6960.02,
3059.888,
5880.439,
2416.089,
1856.579,
1854.3970000000002,
1855.9099999999999,
3310.773,
2651.635,
7828.793,
2259.811,
2415.783,
2419.6279999999997,
4728.534,
8260.046,
9415.505,
1855.3139999999999,
3863.477,
2903.697,
1855.4969999999998,
1856.259,
5588.193,
3431.263,
7748.009,
2260.761,
1854.829,
2823.594,
5183.121,
2419.383,
2261.406,
1855.937,
4406.488,
4031.528,
10376.253999999999,
4172.111,
4439.68,
2575.545,
1852.103,
3215.795,
1855.9,
7000.1179999999995,
1855.994,
1856.517,
7153.187,
1855.776,
6103.240000000001,
10500.375,
4059.659,
8472.189,
2828.6,
9052.137,
6544.048,
2860.442,
1855.8,
11287.611,
2981.591,
2828.598,
5336.134999999999,
3220.344,
4348.193,
1856.148,
3431.6209999999996,
4784.18,
2859.942,
2576.758,
1856.633,
2577.522,
1855.892,
1856.8329999999999,
3859.9519999999998,
2731.92,
2339.596,
3780.609,
1855.1519999999998,
1856.2479999999998,
7656.62,
1855.5410000000002,
1854.7640000000001,
1855.731,
3220.449,
3511.879,
1850.9150000000002,
2339.7980000000002,
1856.447,
7224.528,
4539.695,
1855.4299999999998,
5372.639,
2656.04,
5987.735,
1855.971,
7109.057,
1855.292,
6091.794,
4020.1399999999994,
1857.454,
4035.8520000000003,
11368.331,
3375.9190000000003,
3375.913,
1855.705,
4431.748,
2983.668,
1855.242,
2420.174,
2419.827,
6409.005999999999,
3272.485,
3259.887,
2496.848,
4348.393,
2655.739,
4851.479,
2826.678,
1856.0749999999998,
4707.981,
1855.815,
19063.913,
1860.0049999999999,
3703.912,
3940.165,
6120.883,
2655.8639999999996,
2575.225,
1856.021,
3235.9,
4379.985,
1856.614,
2737.837,
1855.654,
1856.7579999999998,
2420.954,
5053.111999999999,
6711.727,
3219.931,
11368.616,
2580.4990000000003,
4583.711,
2748.114,
4864.606,
3139.575,
1856.247,
5883.603,
3220.4790000000003,
3220.084,
3375.015,
9751.215,
1855.918,
2419.928,
3219.981,
11337.204,
1855.691,
5620.438,
2500.324,
3919.692,
1856.684,
7047.644,
1855.89,
3235.766,
3783.2340000000004,
2752.265,
1856.172,
3064.474,
3272.37,
5067.045,
2988.444,
2752.945,
2656.0069999999996,
3139.735,
4347.88,
2264.1040000000003,
8300.024000000001,
2863.579,
6663.693,
1855.932,
2421.191,
2420.044,
5764.176,
1855.9699999999998,
1855.9479999999999,
1856.497,
2339.1530000000002,
4351.48,
1857.298,
3440.08,
2420.4539999999997,
1856.1399999999999,
1855.563,
6028.062,
2855.908,
2655.8630000000003,
1855.801,
6375.58,
2579.599,
5880.143,
2876.409,
2500.257,
2263.976,
2811.0339999999997,
4820.498,
2264.156,
1855.99,
3299.6020000000003,
2879.6780000000003,
5263.893999999999,
4856.263,
6940.847,
1855.675,
3879.417,
5948.102,
4895.570000000001,
7296.197,
1855.977,
6111.415,
3880.705,
1856.137,
5517.216,
1856.153,
10364.603000000001,
1860.382,
3080.007,
2735.4449999999997,
1860.286,
3301.342,
2424.434,
7507.872,
6548.442,
8904.05,
1860.122,
2828.339,
2419.66,
2344.094,
1859.365,
10427.801000000001,
7568.607,
1860.231,
2671.518,
3143.8579999999997,
1859.512,
1856.1570000000002,
2581.62,
3064.402,
8184.013,
2420.388,
6588.402,
2580.298,
5539.451,
1858.711,
1859.344,
2860.284,
2267.457,
16315.197999999999,
1860.3890000000001,
1859.937,
2264.03,
3219.78,
7284.188,
1860.454,
1859.903,
6804.657999999999,
4255.476,
1860.2069999999999,
2578.156,
3063.206,
2263.028,
5227.306,
1859.3919999999998,
9172.108,
2908.314,
4234.136,
4664.197999999999,
2501.62,
7040.479,
2581.484,
3299.471,
4799.610000000001,
1859.471,
1860.4560000000001,
4819.7660000000005,
7808.531999999999,
1859.134,
1860.3590000000002,
12731.628999999999,
1860.9389999999999,
2735.7140000000004,
1859.964,
5800.471,
4019.3079999999995,
1859.278,
9089.351,
1860.45,
3300.3230000000003,
5268.195000000001,
4167.9349999999995,
12220.050000000001,
2424.259,
1859.697,
2266.765,
1859.484,
2500.951,
3862.571,
1859.9099999999999,
1860.434,
7548.785,
7140.1630000000005,
1860.5069999999998,
1859.7189999999998,
1860.451,
1859.599,
1860.2060000000001,
1859.945,
2263.944,
4159.929,
2267.853,
3912.343,
8144.097000000001,
17163.54,
5294.571,
1859.801,
4588.729,
1859.7250000000001,
1859.494,
1860.979,
1860.276,
2342.343,
2580.65,
1860.404,
1860.827,
3144.5409999999997,
2503.549,
2659.964,
1859.848,
1859.02,
4655.509,
10790.931,
10088.256,
2268.501,
1861.078,
3224.5789999999997,
8423.689,
5923.838,
4731.817999999999,
5070.798,
2815.879,
1860.393,
1860.173,
3395.601,
2424.5420000000004,
2345.141,
3067.4579999999996,
1859.3519999999999,
2268.83,
4975.871,
3220.439,
4600.311,
3668.4790000000003,
1860.0829999999999,
6107.972,
2267.6150000000002,
7503.48,
1860.068,
2863.575,
1859.5649999999998,
10312.405999999999,
1859.5,
6472.254000000001,
3224.3650000000002,
4432.407999999999,
2502.9900000000002,
4916.05,
4067.8109999999997,
2584.541,
2735.64,
1860.0140000000001,
1859.958,
1859.705,
1860.086,
4759.711,
8543.271,
7263.6900000000005,
2424.051,
2752.549,
6004.753,
1860.1589999999999,
1858.911,
3788.024,
4784.328,
1860.5819999999999,
2884.6240000000003,
3633.107,
1859.5049999999999,
1860.252,
4744.421,
2268.577,
3708.527,
4004.937,
1859.4299999999998,
8811.839000000002,
1860.072,
11311.191,
1860.657,
1860.309,
2267.973,
1859.84,
2579.4640000000004,
7956.2,
7599.476000000001,
5342.922,
1860.3339999999998,
5220.519,
4967.582,
1860.5400000000002,
5283.74,
1860.349,
1860.172,
2349.521,
8564.228,
1859.458,
6488.8769999999995,
13148.161,
2863.8810000000003,
1859.998,
1861.604,
5031.207,
5748.705,
2659.8030000000003,
1864.333,
3224.43,
4244.2570000000005,
6228.2080000000005,
5152.5509999999995,
1859.79,
1860.348,
5188.263,
1860.2510000000002,
1860.345,
3615.904,
2504.579,
4024.186,
3712.0350000000003,
4360.451,
7423.657999999999,
5791.5419999999995,
1860.316,
2348.5209999999997,
2267.538,
5860.496,
2423.978,
8484.374000000002,
4548.638000000001,
9920.846,
2583.842,
6378.809,
1863.8220000000001,
6583.594,
1859.911,
1860.048,
5256.46,
2659.881,
1860.2399999999998,
1860.284,
1864.49,
9152.570000000002,
1860.124,
3787.816,
2868.811,
6204.665,
2911.681,
3555.564,
3712.5020000000004,
2860.203,
3148.792,
1860.9979999999998,
1863.674,
7596.1179999999995,
4996.493,
3675.176,
7392.545,
3963.705,
4499.763,
1863.9969999999998,
6075.925,
3384.381,
12324.344,
1863.968,
10712.518,
1851.993,
3860.352,
5144.415,
3941.486,
2748.031,
1851.7740000000001,
5047.586,
1851.603,
3768.0370000000003,
1854.932,
3506.4860000000003,
2860.808,
4095.88,
1852.176,
4344.610000000001,
4641.613,
13427.764,
3936.699,
4716.186000000001,
3260.147,
1851.961,
1851.423,
3779.857,
1851.626,
5160.223,
2847.17,
4752.531,
4288.049,
10829.777999999998,
5395.660999999999,
1850.759,
10076.328,
4227.919,
1856.4940000000001,
7240.011,
4564.107,
1855.906,
7639.66,
1852.4279999999999,
5447.624,
2341.2039999999997,
2983.918,
7716.103999999999,
4595.871,
3724.091,
3804.319,
2651.56,
2812.0919999999996,
3215.832,
3466.7270000000003,
2496.55,
5980.5830000000005,
1856.133,
7112.4400000000005,
1852.239,
1854.33,
1855.7189999999998,
4795.838,
1855.8799999999999,
4175.63,
4266.682000000001,
1855.795,
4132.249,
5932.569,
6196.347000000001,
2339.694,
1855.51,
2904.209,
2848.291,
2263.688,
1852.24,
6400.775000000001,
8376.429,
2340.328,
6571.032,
3139.879,
2731.274,
4816.178,
3612.676,
1856.131,
3495.8360000000002,
3060.134,
5728.673,
2419.331,
1855.85,
2263.7459999999996,
1856.485,
2731.52,
3739.591,
6956.657,
3876.216,
3059.8010000000004,
3063.8320000000003,
8199.567000000001,
4315.840999999999,
1857.439,
2420.21,
4504.071,
1855.885,
5475.8589999999995,
3628.0130000000004,
3876.0409999999997,
1856.552,
3219.7239999999997,
4078.9970000000003,
1855.711,
3651.567,
3904.5809999999997,
8580.506,
2863.4719999999998,
4487.936000000001,
2499.849,
2855.906,
12259.771,
1856.011,
2344.9,
1855.427,
3312.267,
2652.7630000000004,
9419.957,
6431.803000000001,
1856.916,
1855.8980000000001,
1856.012,
8139.668000000001,
1856.665,
3531.8830000000003,
2811.323,
1855.8110000000001,
1855.934,
3469.033,
3735.261,
2847.7929999999997,
3376.125,
4215.656,
6232.067,
1856.111,
7052.312,
4220.251,
4551.472000000001,
1855.187,
2983.918,
1854.687,
3259.649,
2576.125,
3467.1400000000003,
6236.652,
2263.701,
5240.072999999999,
3452.172,
2500.167,
1856.057,
3507.761,
3287.844,
2499.527,
6404.978,
4991.125,
2576.1090000000004,
3500.1440000000002,
2908.373,
6743.2210000000005,
1855.942,
2732.463,
2655.614,
2340.3520000000003,
1855.599,
1856.166,
3891.5679999999998,
2580.508,
4019.4669999999996,
1855.962,
4880.142,
1855.96,
1855.9950000000001,
3155.1800000000003,
2340.491,
1855.804,
3976.397,
2815.918,
1855.049,
3064.3720000000003,
1855.647,
3220.134,
1856.291,
2500.311,
3296.807,
1855.127,
3064.5150000000003,
1856.557,
1856.051,
2671.7270000000003,
1855.631,
3064.087,
3908.456,
3472.283,
5284.861,
4660.769,
5408.381,
1854.595,
2735.98,
5947.965,
2848.281,
3272.074,
3143.768,
2575.463,
4725.165,
1855.696,
1855.5919999999999,
5715.935,
9865.181,
2499.9660000000003,
4155.910000000001,
6051.840999999999,
1859.528,
3823.219,
3220.379,
7512.115,
3356.2780000000002,
2847.7070000000003,
3864.112,
2875.002,
7868.428,
4227.696,
2752.021,
2344.58,
5032.54,
4583.4130000000005,
2656.518,
4072.864,
2832.1360000000004,
4760.487999999999,
2988.339,
6591.941000000001,
5867.596,
2908.2819999999997,
5083.714,
2423.075,
2420.556,
5032.023,
2734.997,
1860.101,
1861.337,
1860.084,
2983.151,
2855.5009999999997,
5051.26,
10624.580999999998,
1855.938,
3063.602,
4080.909,
4295.929,
11331.712,
1856.163,
4331.584000000001,
5968.166,
2578.3360000000002,
7567.722,
1856.098,
3447.883,
3520.074,
2659.327,
3263.8720000000003,
2907.784,
3691.955,
6531.891,
12027.721,
2267.9179999999997,
1860.13,
4584.120000000001,
3220.193,
6512.4890000000005,
2579.6890000000003,
2736.2929999999997,
5072.387,
2423.683,
2263.572,
1860.327,
1860.8690000000001,
3707.716,
3219.789,
1859.3139999999999,
3363.9260000000004,
2847.736,
9188.891,
2883.677,
2264.587,
1859.768,
2499.8849999999998,
1859.95,
1860.16,
2580.9350000000004,
2735.2780000000002,
2425.114,
4213.636,
3942.736,
6902.839,
3628.5280000000002,
4727.685,
1860.4950000000001,
1860.3229999999999,
2816.095,
1860.442,
3471.879,
3144.2670000000003,
8112.096,
3784.363,
1855.696,
7071.753000000001,
1859.093,
1856.4650000000001,
2424.363,
2855.431,
8056.1050000000005,
5146.7919999999995,
2856.154,
9976.551000000001,
3395.8370000000004,
2267.782,
3263.544,
4900.124,
4827.358,
2499.259,
1860.327,
6744.264,
1859.248,
3268.405,
4359.458,
2267.862,
7752.6849999999995,
5600.339,
9453.014,
5271.611,
3788.9370000000004,
2736.509,
4059.99,
3916.0840000000003,
9600.073999999999,
1859.7649999999999,
4196.965999999999,
1859.308,
5044.031999999999,
1859.029,
1860.614,
4192.257,
1859.6170000000002,
1860.1129999999998,
9546.699,
3708.401,
1860.039,
5228.67,
2855.713,
3460.616,
1859.308,
8076.269,
2423.5190000000002,
14899.731,
2831.9930000000004,
1860.519,
2499.866,
3500.096,
3552.062,
2580.0480000000002,
3240.0099999999998,
3884.3709999999996,
5992.063,
1859.95,
3224.165,
4075.5049999999997,
5159.955,
7185.489,
2504.437,
1859.8870000000002,
3959.9120000000003,
11176.332999999999,
1860.53,
1859.895,
1860.198,
5887.983,
1860.3410000000001,
2423.486,
4599.444,
8927.802,
1860.141,
8487.023000000001,
1859.093,
2503.898,
4800.55,
2503.648,
4040.014,
4087.433,
4256.457,
14672.160999999998,
2816.77,
1859.877,
5108.141,
1860.529,
1859.825,
9844.089,
4232.01,
8708.66,
2580.266,
2739.478,
5843.079000000001,
5496.0599999999995,
5456.571,
1859.7520000000002,
6341.353,
4915.947,
5643.963000000001,
1859.969,
1861.085,
7560.2390000000005,
6550.516,
1859.9209999999998,
4260.642,
3788.254,
1859.236,
12000.497,
1858.93,
3768.502,
1861.3280000000002,
6992.342,
3924.105,
3223.599,
2751.266,
3899.582,
5188.593,
5402.971,
2859.696,
3068.07,
4605.079,
4121.317999999999,
8771.661999999998,
2347.968,
10175.824,
2423.515,
5268.225,
1860.5739999999998,
1860.013,
1863.846,
3868.246,
3224.189,
4335.724,
2423.8900000000003,
1859.395,
3867.907,
2816.254,
6876.630999999999,
1860.43,
3863.209,
2579.87,
3301.227,
13043.564,
1860.182,
2660.306,
4172.276,
1860.375,
2266.909,
4795.02,
5768.206,
20969.518999999997,
1864.42,
2267.779,
7843.79,
3163.635,
4099.783,
1859.988,
4695.951,
2751.663,
2859.779,
10843.769999999999,
3960.352,
1860.627,
1859.672,
4961.158,
1860.082,
3823.963,
3632.803,
9352.736,
2268.081,
1863.633,
2347.696,
10571.963,
3459.602,
11077.885999999999,
1864.8960000000002,
1865.163,
1864.358,
1864.7450000000001,
2816.405,
5442.820000000001,
7487.639999999999,
2818.951,
4876.836,
2859.6710000000003,
10296.841,
1864.037,
2816.03,
2583.5789999999997,
3788.2980000000002,
3371.871,
4024.039,
1864.7359999999999,
2819.5190000000002,
14559.699,
1864.302,
5064.159,
1864.029,
3867.8669999999997,
3632.012,
11353.279,
1856.5320000000002,
3815.4849999999997,
3060.0480000000002,
2496.455,
2338.6209999999996,
4624.487,
5608.31,
2496.369,
4063.8509999999997,
3676.6290000000004,
4083.3,
1855.347,
1853.779,
1851.777,
2422.561,
1852.066,
4940.075,
3251.756,
1856.2179999999998,
6372.080000000001,
3059.926,
4467.658,
7700.700000000001,
2575.495,
1852.069,
1857.5729999999999,
4232.123,
3294.3630000000003,
2260.103,
2747.592,
1856.316,
3220.676,
3451.5150000000003,
3216.2709999999997,
1856.693,
2652.0350000000003,
1855.4969999999998,
10823.762,
3720.3759999999997,
2420.194,
2495.146,
4792.446,
1855.289,
6334.459,
2731.9770000000003,
6624.173,
5763.652999999999,
5268.570000000001,
2577.285,
1856.141,
1857.717,
3896.1290000000004,
6648.008,
1852.9750000000001,
1856.046,
4988.3369999999995,
11664.044,
2264.6769999999997,
3064.188,
4295.56,
5160.121,
2340.1730000000002,
1855.054,
2263.666,
9548.082,
5302.889,
1856.302,
2416.1839999999997,
5579.5289999999995,
4312.4929999999995,
4172.277,
1855.087,
2575.462,
2495.968,
1855.874,
2732.371,
1855.998,
1855.828,
1856.5259999999998,
2811.7670000000003,
2263.414,
4628.224999999999,
2498.482,
2844.562,
5584.197999999999,
6079.693,
1855.735,
4472.102,
1856.639,
2812.384,
5236.083,
5415.35,
3779.512,
12052.300000000001,
4372.4800000000005,
5088.455,
2419.964,
1855.572,
3452.279,
4715.254,
6291.729,
1855.469,
4095.981,
4832.674,
1855.173,
3287.928,
1856.2730000000001,
2263.357,
6656.125,
3860.5930000000003,
2655.8920000000003,
1855.581,
2827.852,
4096.271,
1855.877,
6599.8,
4256.446000000001,
1856.536,
3771.8500000000004,
1856.332,
2907.899,
7536.150000000001,
4172.138,
2420.3,
2811.921,
2575.719,
1855.5839999999998,
2748.3050000000003,
3220.89,
1855.737,
2576.069,
3704.378,
3295.984,
2575.23,
3627.589,
2863.93,
1855.9859999999999,
1855.58,
5267.968,
2339.257,
4331.628000000001,
5156.173,
7855.8,
4776.265,
5104.419,
1855.928,
5712.172,
1856.3480000000002,
3155.8160000000003,
4176.275000000001,
5787.668,
3955.834,
2343.895,
3139.402,
4540.094,
1855.814,
1855.781,
2867.477,
3219.761,
2263.6,
2868.035,
5412.57,
3563.462,
1855.764,
6468.134,
3784.465,
6657.701999999999,
3547.7850000000003,
2577.149,
1855.409,
8600.285,
3138.255,
5108.146,
4348.06,
1856.0430000000001,
4627.641,
2343.88,
2854.406,
2984.292,
3876.4539999999997,
1856.463,
2495.586,
2875.802,
1856.1499999999999,
2419.946,
4675.773999999999,
2499.935,
1855.41,
1855.478,
1856.97,
4346.602,
1855.784,
1855.6209999999999,
4259.8279999999995,
4291.409,
3314.964,
2859.142,
4935.477,
1855.299,
9880.380000000001,
1859.5230000000001,
3500.309,
1855.975,
2863.524,
1858.827,
1855.981,
7124.536,
2877.669,
3815.617,
1855.606,
2263.798,
2906.884,
3262.391,
5697.6630000000005,
2854.7380000000003,
1859.682,
3692.19,
2264.0159999999996,
2576.197,
1856.508,
4896.575000000001,
2262.5519999999997,
3783.346,
3536.5829999999996,
3747.2560000000003,
3416.346,
1856.019,
5460.672,
1860.585,
1856.271,
5760.34,
5632.212,
1856.156,
1855.5049999999999,
1860.849,
2420.975,
1856.312,
3508.897,
2499.624,
2734.741,
8163.739,
2983.463,
5027.062,
3250.613,
3472.692,
3471.366,
4584.651,
3659.233,
3575.691,
2423.91,
2875.655,
3596.73,
1860.396,
3864.267,
2906.528,
2499.86,
3336.545,
5287.666,
2580.196,
1860.567,
1855.729,
5936.429,
1856.752,
3580.9809999999998,
4136.174,
2499.8689999999997,
1859.075,
6388.099999999999,
2500.36,
3064.0480000000002,
4824.35,
2424.68,
4011.9829999999997,
1855.717,
2580.025,
5695.991,
1860.4,
6395.348,
4175.9800000000005,
1856.333,
8825.046,
1860.1490000000001,
4972.129,
1861.285,
6205.088,
1860.12,
2908.601,
9693.166,
1860.279,
6595.197,
4831.400000000001,
5219.9220000000005,
1860.727,
1856.023,
8552.413,
2735.904,
1860.131,
1860.066,
3524.022,
4951.9890000000005,
3064.614,
1860.663,
5272.625,
1860.1680000000001,
1856.867,
1860.6970000000001,
2827.3419999999996,
3218.473,
5689.071,
2812.261,
2851.504,
3591.652,
2579.7690000000002,
4795.0650000000005,
2343.917,
9700.768999999998,
2343.681,
3357.179,
4018.884,
1859.8870000000002,
4705.719,
1860.392,
8323.653999999999,
5328.763,
3823.975,
2263.706,
4024.292,
4372.998,
1859.324,
2579.391,
1860.511,
1859.1960000000001,
4696.193,
5544.683,
5123.4929999999995,
7344.2660000000005,
1860.3110000000001,
3240.273,
5447.824,
3299.598,
2348.14,
2735.3329999999996,
2867.8050000000003,
2736.155,
2580.072,
5396.208,
4224.387,
6264.047,
2343.5969999999998,
1859.641,
3928.039,
1859.9920000000002,
1860.5439999999999,
2855.171,
5114.950000000001,
2343.3199999999997,
1860.481,
3600.489,
2911.4629999999997,
7183.849,
2504.357,
8661.075,
3908.3990000000003,
4665.112,
1859.897,
3065.044,
2504.0170000000003,
2855.7670000000003,
3631.957,
13120.292,
4899.862,
2578.636,
2660.23,
2423.616,
1861.186,
1860.3590000000002,
1859.1660000000002,
6536.436,
3267.992,
3631.843,
4168.078,
7136.419,
3419.199,
7135.888,
3380.573,
2660.251,
1860.489,
4792.159,
1860.141,
2423.961,
2348.1040000000003,
2859.3320000000003,
1860.166,
1860.0620000000001,
2867.357,
4732.457,
2347.854,
1859.906,
2872.297,
6199.492,
1859.988,
8156.404,
4288.044,
9740.817,
3743.089,
8239.565,
1860.007,
4275.887,
12299.45,
6480.692999999999,
3379.982,
5266.302,
1859.4219999999998,
6113.854,
3632.896,
1859.845,
1859.3310000000001,
2423.968,
4404.027,
2268.359,
3069.099,
8383.252,
1859.8300000000002,
2884.1169999999997,
7799.526,
3856.277,
6184.313999999999,
3260.396,
1860.96,
1859.587,
3743.658,
2267.988,
1861.013,
3987.196,
1860.141,
3823.715,
2868.125,
2269.5389999999998,
2424.191,
1863.76,
5011.434,
1859.942,
3872.9049999999997,
3836.5429999999997,
5663.308,
4436.251,
5220.266,
4432.863,
4551.704,
1861.03,
3272.078,
1859.871,
6183.811000000001,
4071.9159999999997,
2663.808,
4780.206999999999,
1860.0,
4431.859,
6436.09,
1859.216,
3523.857,
1863.275,
1864.039,
3632.2329999999997,
2584.056,
2860.253,
1860.139,
3303.895,
2267.75,
4483.633,
1858.5529999999999,
2856.5589999999997,
4143.883,
8903.458999999999,
6027.044,
8212.427,
5152.762,
3380.061,
4669.128,
1863.656,
7000.728999999999,
2847.4300000000003,
4340.043,
7568.524,
6519.948,
1859.942,
2875.188,
4387.570000000001,
1863.175,
3475.674,
2267.338,
2584.722,
7385.207,
2659.9179999999997,
9971.859999999999,
5152.259,
4476.594,
3223.566,
3148.473,
6360.3240000000005,
8152.573,
5292.612,
1865.164,
4576.54,
2504.352,
2347.5860000000002,
2503.4770000000003,
5638.61,
3384.3849999999998,
5587.658,
2583.8869999999997,
7132.768999999999,
1855.126,
1852.922,
1852.3410000000001,
5587.669,
5320.11,
2265.4860000000003,
1855.9650000000001,
6755.61,
8028.598000000001,
5079.789,
6291.47,
3623.266,
6975.047,
1855.749,
8889.519,
4143.559,
1851.499,
6951.798,
2260.349,
1856.286,
1853.7079999999999,
1851.828,
1855.802,
2904.479,
2840.539,
1855.796,
4172.011,
2867.735,
6491.894,
2572.7039999999997,
5418.072999999999,
3740.27,
2415.9320000000002,
11720.342999999999,
1855.551,
2667.038,
2575.77,
2339.638,
5179.63,
4324.029,
3139.263,
4859.575000000001,
13523.663,
5500.25,
1851.487,
2855.616,
2808.0099999999998,
3419.451,
3491.851,
2259.4829999999997,
6412.472,
6956.4529999999995,
5111.9839999999995,
1855.6509999999998,
2420.385,
1856.894,
4885.045,
1851.6870000000001,
3140.046,
8168.628,
5132.5,
4152.189,
1855.1789999999999,
8960.893,
7872.784000000001,
2851.734,
3215.89,
8731.289999999999,
8523.481,
4511.343,
1852.6499999999999,
1855.496,
3703.7369999999996,
6692.2119999999995,
1855.705,
1854.5929999999998,
4468.001,
2985.0629999999996,
4415.9839999999995,
7620.473,
2495.377,
1856.52,
1856.029,
2863.951,
3363.6879999999996,
2419.893,
2340.544,
5107.95,
12234.966,
1856.646,
17488.957,
2668.082,
3704.125,
4267.9439999999995,
3359.925,
8456.38,
4380.327,
2264.241,
8670.51,
2575.89,
2263.976,
3141.2140000000004,
1857.8220000000001,
2340.401,
3079.423,
2844.0460000000003,
1856.505,
3580.442,
1855.3619999999999,
3342.4990000000003,
5943.053,
2575.7599999999998,
9669.001,
2655.6510000000003,
1855.421,
1856.2810000000002,
14779.994,
5615.871,
3511.341,
3940.507,
7718.951,
1856.557,
4406.785,
6547.874,
1856.122,
13812.821,
6635.5199999999995,
6785.265,
2731.933,
8514.744,
2344.017,
1857.1329999999998,
3832.124,
2731.2949999999996,
1856.512,
7088.396000000001,
1855.8120000000001,
4384.3730000000005,
2263.105,
2812.08,
5576.706999999999,
5359.650000000001,
3500.21,
8958.945,
1855.8809999999999,
5625.213,
3599.627,
4583.6990000000005,
1855.483,
1856.539,
4472.349,
1855.3690000000001,
5524.625999999999,
3139.587,
5341.076,
4816.489,
5204.4,
3932.386,
1856.5810000000001,
2340.882,
2500.782,
9004.357,
2827.94,
1855.972,
1856.0220000000002,
5861.555,
1856.291,
5200.942,
3675.6859999999997,
3060.1690000000003,
2344.191,
1855.81,
2263.1079999999997,
2731.536,
2859.654,
3996.014,
6268.281,
5211.820000000001,
4408.552000000001,
1854.973,
3284.813,
1857.2459999999999,
4480.3240000000005,
3579.836,
1856.16,
6052.1359999999995,
2420.032,
1857.041,
2904.395,
5516.7789999999995,
11171.708,
4346.335,
1855.6770000000001,
1856.314,
3799.48,
1854.759,
4164.107,
2811.142,
1855.088,
1856.162,
1855.982,
3064.096,
2848.284,
3220.138,
4347.7300000000005,
6669.414,
5476.447,
2580.113,
3665.232,
6195.367,
5983.2660000000005,
1856.476,
2340.004,
2656.8779999999997,
2867.55,
3435.589,
2880.049,
1860.017,
13996.899000000001,
6372.33,
5791.4580000000005,
3255.314,
4379.809,
1856.025,
2735.575,
1856.614,
2736.055,
2876.2340000000004,
5259.853,
6413.025000000001,
3875.576,
8444.108999999999,
1859.0040000000001,
2855.255,
2876.058,
1855.4850000000001,
10284.948,
2855.9700000000003,
2423.415,
7213.164,
1859.626,
5071.661,
1855.512,
8104.379,
3536.259,
11349.187,
4888.487999999999,
1860.655,
11176.655999999999,
4255.225,
1859.8490000000002,
1860.258,
2983.488,
3592.142,
1854.828,
3703.913,
2856.9900000000002,
1859.932,
1859.453,
2736.61,
5335.515,
2500.331,
1855.979,
1860.0220000000002,
3847.137,
2344.3900000000003,
2656.02,
3236.838,
1860.652,
4992.111000000001,
4255.406,
1860.5100000000002,
1859.754,
2501.601,
6724.406,
10336.048999999999,
1860.354,
7417.277,
3424.38,
2344.296,
3471.393,
3300.019,
4524.479,
2579.686,
3880.8379999999997,
3628.0800000000004,
2267.645,
3220.715,
2263.906,
5736.111,
2343.0499999999997,
4099.95,
2422.703,
2656.257,
2988.6240000000003,
3298.8520000000003,
6809.483,
1860.481,
1860.013,
12596.781,
8588.509,
9395.527,
3299.846,
1860.1799999999998,
1859.69,
3415.5890000000004,
1859.5049999999999,
10811.384,
1856.0049999999999,
4320.246,
2267.8790000000004,
3259.1290000000004,
1855.9209999999998,
6147.938,
1855.9509999999998,
6432.148,
3743.756,
4397.004,
2656.809,
1859.5520000000001,
4243.0830000000005,
2267.779,
5182.838000000001,
4100.44,
5147.351,
1860.1209999999999,
8780.732,
1860.129,
2753.2740000000003,
4492.025,
2268.463,
3584.484,
2269.612,
3707.413,
1860.086,
1860.4940000000001,
5591.965,
3807.713,
2423.1980000000003,
4007.618,
8836.475,
3144.208,
4004.3930000000005,
2736.0820000000003,
1859.0169999999998,
2816.596,
2580.894,
8163.982000000001,
6383.472000000001,
1858.692,
2580.6209999999996,
1860.2369999999999,
1859.833,
9600.825,
1859.952,
2343.81,
7359.4400000000005,
5671.197,
4038.923,
1859.3329999999999,
1860.184,
1859.31,
3707.74,
4195.883,
3516.134,
1858.885,
7799.6449999999995,
2268.771,
2424.688,
1860.5149999999999,
2425.043,
5951.768999999999,
2736.552,
1859.354,
1860.644,
5399.763,
1860.1049999999998,
5272.234,
3936.175,
1860.298,
4008.19,
5668.766,
3259.678,
2853.103,
1859.698,
5243.286,
3143.8,
4395.313,
2877.1200000000003,
2852.0319999999997,
3632.345,
1860.196,
2349.6169999999997,
1859.225,
7224.243,
1860.215,
10641.383,
1860.191,
3460.015,
1860.012,
4180.321,
3144.065,
2816.5460000000003,
3631.747,
1859.8619999999999,
2815.908,
2912.125,
2907.8149999999996,
2347.604,
2912.938,
3508.189,
4744.004,
8796.049,
1859.3519999999999,
2579.649,
2423.99,
3788.932,
4744.49,
4315.151,
15147.909,
1860.3600000000001,
1859.803,
1860.309,
1860.283,
1860.474,
7216.244,
4353.055,
1859.3200000000002,
3536.268,
5699.359,
2504.44,
1860.6560000000002,
5359.110000000001,
2879.813,
2268.3909999999996,
2815.0620000000004,
2347.922,
4228.517,
1859.82,
6687.700000000001,
5848.159,
11960.603000000001,
4835.576,
1859.906,
2267.8759999999997,
3427.8430000000003,
1859.945,
5872.053,
1860.191,
1859.538,
2852.192,
5547.575,
2989.2129999999997,
1862.9309999999998,
4088.425,
5804.513,
3540.1169999999997,
4275.328,
4023.959,
6097.127,
3356.518,
2268.053,
1864.327,
2267.9320000000002,
8975.804,
5657.329,
8666.914,
1863.3500000000001,
1863.3580000000002,
5135.72,
5559.989,
3395.878,
1860.583,
1859.661,
6171.949,
2816.498,
6176.535000000001,
7863.773,
14364.756,
6179.6759999999995,
2271.828,
1864.579,
1863.6390000000001,
1859.484,
6633.6050000000005,
1863.8999999999999,
11843.949,
1859.503,
2348.119,
6708.798,
6174.973,
1860.4099999999999,
2738.672,
5720.415,
1864.3529999999998,
6267.461,
5032.202,
2423.345,
2740.3379999999997,
3363.8140000000003,
5359.616,
4706.815,
2348.6910000000003,
1863.679,
5507.911,
2819.3630000000003,
4240.425,
3272.3,
4104.812,
1863.684,
7036.711,
1851.752,
1852.354,
7348.309,
4735.058999999999,
1852.1680000000001,
1851.757,
3511.8559999999998,
3375.7259999999997,
3936.737,
2731.873,
1851.804,
6892.557,
1855.334,
1855.896,
1852.072,
1851.902,
4139.8369999999995,
4553.607999999999,
2855.621,
5708.454,
1852.872,
5064.429999999999,
3311.495,
4016.354,
3256.173,
1855.739,
3916.133,
4188.192,
2904.116,
7229.125,
2653.066,
17071.755,
9792.016,
4241.047,
1851.705,
2848.589,
1851.779,
10448.34,
2748.362,
4580.824,
1855.477,
11727.126,
1855.8190000000002,
1854.843,
8345.203,
3768.8630000000003,
2748.169,
2339.613,
3899.426,
7947.474,
4380.044,
1856.363,
4343.3859999999995,
4539.454,
3916.9139999999998,
2732.202,
8411.711000000001,
4423.9800000000005,
3468.025,
2810.6110000000003,
1855.937,
4288.045999999999,
2856.332,
5223.830000000001,
1854.886,
2732.036,
1855.712,
1851.977,
1856.2399999999998,
4499.543,
1855.5520000000001,
2339.692,
4771.811,
2847.973,
3627.674,
3263.386,
7695.517,
2575.989,
1852.635,
4016.788,
2731.3399999999997,
1856.6499999999999,
4747.419,
1852.236,
2823.382,
2811.715,
2339.462,
2732.348,
5476.476,
9016.021999999999,
1857.53,
3823.868,
4780.147999999999,
3783.3450000000003,
4096.497,
3295.625,
1856.1019999999999,
2340.2219999999998,
10727.426,
7428.599,
2811.7580000000003,
5343.812,
2879.727,
1856.4089999999999,
3060.016,
3562.844,
4216.144,
8185.775,
2496.261,
4332.039,
1856.171,
6100.521,
3912.4750000000004,
7183.871,
2499.607,
2867.642,
2419.316,
3450.3740000000003,
4505.161,
4211.708,
7752.12,
6056.098000000001,
1855.923,
1854.4089999999999,
2420.1389999999997,
1855.778,
2264.114,
7110.88,
1856.125,
2984.071,
2908.284,
1856.7849999999999,
2263.9010000000003,
7047.715,
2656.0660000000003,
5224.169,
4163.8679999999995,
2860.265,
5679.862,
4778.796,
3374.77,
1857.126,
12839.945,
3565.7740000000003,
4488.084,
3800.768,
4692.629,
5259.719999999999,
4250.99,
1856.4,
2843.499,
3650.754,
3547.819,
1855.548,
9565.363,
3675.774,
4644.249000000001,
5032.902,
1854.568,
3832.144,
1855.9730000000002,
1855.414,
2811.589,
6108.234,
2876.013,
1856.789,
1856.007,
2343.818,
1855.991,
4020.201,
5024.766,
1856.1799999999998,
1856.464,
3628.1850000000004,
1855.0500000000002,
7152.124,
3748.136,
1855.914,
6503.860000000001,
1855.953,
5912.635,
1855.673,
4800.195000000001,
2420.426,
16018.573,
6604.129999999999,
8955.983,
2855.397,
2908.255,
4400.14,
5951.771,
5025.4890000000005,
2876.3999999999996,
1855.7930000000001,
2500.646,
2849.592,
4088.372,
11004.049,
8979.737000000001,
3139.7270000000003,
2343.873,
2983.944,
4101.445,
1859.693,
4191.138,
1855.233,
2655.182,
6315.965,
3516.862,
6511.752,
6495.773,
1855.479,
2579.8920000000003,
2500.787,
3628.032,
1859.181,
3144.462,
1855.5680000000002,
2859.146,
3535.783,
5168.119,
3708.447,
2735.957,
2343.575,
1857.026,
3884.115,
2852.023,
1860.245,
4215.696999999999,
4331.985000000001,
7592.378,
2500.559,
1859.635,
2267.819,
2655.563,
4659.494,
7680.542,
2343.529,
3908.512,
7371.7119999999995,
3571.318,
4138.922,
5444.166,
1856.308,
5008.425,
6324.22,
4536.26,
2907.8469999999998,
2580.613,
1855.75,
3546.8489999999997,
5331.8820000000005,
2422.628,
3299.88,
5996.144,
3708.688,
5847.983,
2421.8920000000003,
2498.69,
3264.6670000000004,
6392.21,
4300.969,
1855.6399999999999,
5979.619,
2423.731,
2499.752,
2815.414,
6636.326999999999,
2575.6299999999997,
6576.304,
3820.116,
2987.3599999999997,
2868.064,
1859.5349999999999,
1860.9089999999999,
1860.306,
1859.8,
8384.252999999999,
3420.2180000000003,
5884.523,
10451.497,
2855.857,
2501.321,
4431.467,
1859.679,
1855.46,
1860.866,
5268.565,
2264.988,
1859.488,
8360.732,
8093.832000000001,
1860.3110000000001,
7603.882,
3220.429,
3355.83,
1860.278,
3269.265,
3063.817,
4508.028,
1860.536,
1860.061,
1860.244,
2343.39,
2269.8089999999997,
1859.544,
3396.064,
8404.687,
4155.862,
1860.381,
3268.105,
1860.4279999999999,
10840.285,
2343.765,
2268.515,
3944.089,
6683.944,
2908.221,
3880.268,
1859.7379999999998,
3262.5009999999997,
1859.707,
1859.5980000000002,
2264.7560000000003,
6219.946,
6592.6939999999995,
2343.984,
3268.305,
10796.777,
5792.321,
2499.1150000000002,
4163.798,
2851.5350000000003,
4837.021,
2578.922,
10126.668,
7393.462,
6972.632,
5839.8589999999995,
6787.26,
1859.4759999999999,
4976.192,
10007.677,
5308.1990000000005,
3863.1310000000003,
5384.222000000001,
4836.426,
5456.58,
1860.032,
5244.982,
2875.677,
1859.638,
1860.369,
1859.833,
4292.695,
1860.017,
2499.652,
10895.649000000001,
1858.9940000000001,
10592.287,
5212.197,
1859.8129999999999,
7328.016,
2751.756,
5263.251,
5923.481,
1860.421,
1858.967,
3292.023,
4799.844,
1860.5020000000002,
3824.979,
2423.376,
5243.420999999999,
6265.152999999999,
1860.666,
2268.1330000000003,
3224.1349999999998,
10677.786,
1860.2749999999999,
3471.399,
2504.306,
5203.69,
3632.239,
1860.857,
3448.494,
6863.915000000001,
1859.582,
4255.437,
2423.86,
7163.842,
3592.445,
1860.752,
3839.235,
1859.779,
5960.469,
5724.209,
4192.111,
1859.723,
1860.135,
6928.206,
3817.4260000000004,
5063.8769999999995,
6875.803,
1858.854,
13403.841,
1859.3310000000001,
1860.027,
9447.885,
2578.883,
1859.195,
4119.795,
4352.995,
1861.4859999999999,
2267.22,
1860.203,
2872.7599999999998,
1859.503,
3984.032,
1858.309,
3499.981,
3303.5280000000002,
2872.192,
3772.243,
2864.816,
2582.312,
2884.061,
1860.2669999999998,
1864.3410000000001,
1860.0,
2911.41,
7289.726,
2579.437,
9627.846,
2741.085,
3264.354,
2660.299,
2883.839,
4179.3769999999995,
1859.907,
3415.57,
3304.564,
1864.051,
2755.3179999999998,
2504.4919999999997,
6035.793,
1859.517,
1859.9669999999999,
3143.725,
2817.159,
3759.7290000000003,
3712.058,
1858.3899999999999,
4195.2660000000005,
2348.5330000000004,
3440.673,
1859.251,
8192.475999999999,
5136.082,
2582.951,
3632.136,
1863.999,
4996.354,
2863.529,
2815.874,
3475.4,
3616.618,
2866.377,
4856.994000000001,
2820.105,
5991.428,
3341.013,
2660.038,
2267.2720000000004,
4687.643999999999,
1860.592,
4260.001,
7632.494000000001,
1864.198,
2857.528,
2660.4990000000003,
8128.119,
5900.032999999999,
4495.928,
2504.353,
1858.384,
1865.116,
4667.644,
3428.481,
2582.625,
2740.267,
1863.828,
9000.133,
2675.538,
6396.431,
20125.827,
4158.96,
3148.3819999999996,
1864.227,
2991.4170000000004,
5175.773999999999,
1860.012,
2659.788,
13212.769,
1864.044,
9505.592999999999,
1864.084,
1862.808,
3228.0009999999997,
1864.204,
1852.11,
6136.893,
3672.126,
3900.164,
3251.395,
2495.702,
2340.138,
3623.176,
1855.6809999999998,
1851.0819999999999,
7212.7,
1856.3799999999999,
3411.967,
5600.224,
1851.543,
3296.459,
4676.046,
3216.797,
6364.348,
4543.939,
2651.9,
4439.817,
5132.2570000000005,
2904.027,
2879.921,
1851.876,
5916.839999999999,
4687.598,
3548.066,
3251.9809999999998,
3779.757,
2416.678,
5692.035,
2575.7659999999996,
4843.161,
1851.66,
11444.183,
13071.997,
6227.954000000001,
2496.71,
4343.905000000001,
5754.6,
2576.194,
1854.6309999999999,
6215.511,
1851.952,
3140.264,
1851.886,
3894.479,
2731.919,
2259.949,
2812.396,
1852.283,
3295.068,
6872.138,
5190.8640000000005,
2263.447,
3704.6420000000003,
3859.474,
1855.717,
5679.219,
3704.54,
1855.815,
1851.922,
6463.161999999999,
4785.159000000001,
1855.693,
3138.78,
1852.011,
2864.216,
9844.181,
9515.267,
3391.6620000000003,
4440.610000000001,
6279.4980000000005,
2811.2180000000003,
2983.402,
4135.992,
4619.553,
1855.1329999999998,
1856.497,
3452.648,
1852.0140000000001,
2575.484,
5475.38,
7516.091,
5424.336,
2420.57,
2260.0060000000003,
1855.292,
5380.303,
5004.042,
10248.293,
3935.35,
1855.1740000000002,
2574.836,
7189.218000000001,
1856.263,
2859.9139999999998,
5943.996,
3607.897,
2858.999,
4899.629,
2420.728,
3272.464,
1856.7340000000002,
8816.018,
3456.232,
2340.368,
3744.13,
2876.312,
1856.597,
7311.2919999999995,
1855.338,
3468.104,
3378.16,
2826.772,
10191.537999999999,
1856.013,
1855.96,
7100.120000000001,
9555.855,
3531.269,
3859.955,
3533.369,
8943.901,
4736.453,
2812.493,
4076.1649999999995,
8204.435,
8345.282,
2499.936,
6227.402,
5019.697,
7032.115,
3299.314,
1855.808,
4676.3550000000005,
3063.707,
2656.741,
10496.181,
1856.3400000000001,
1855.548,
1855.848,
1856.3860000000002,
3627.659,
3531.998,
1856.039,
1855.5330000000001,
2495.616,
5359.775,
3287.84,
3819.511,
3455.768,
3063.918,
1855.738,
1855.3200000000002,
3688.021,
3768.372,
3599.828,
10284.665,
3063.561,
7563.491,
1855.855,
1855.9289999999999,
2736.3140000000003,
4567.439,
1856.4080000000001,
5367.814,
2866.882,
1856.239,
8948.430999999999,
3063.7949999999996,
1856.328,
1856.36,
1855.605,
1855.345,
2499.572,
1856.046,
3295.674,
3311.1389999999997,
6040.286,
1857.349,
2576.067,
1856.145,
3864.0840000000003,
4096.294,
1857.365,
7402.898,
1856.032,
3300.646,
4503.967000000001,
4552.157,
1855.963,
2907.452,
1858.387,
2575.9590000000003,
2736.493,
6308.63,
1855.506,
9331.15,
4503.832,
2863.988,
1854.678,
3496.143,
1856.087,
3375.55,
2263.15,
5264.534000000001,
1856.768,
2263.966,
2263.533,
6364.215,
3579.565,
4167.964,
3784.0319999999997,
3900.51,
9182.801,
2343.028,
4888.353,
7359.196,
4836.155,
2751.7200000000003,
2501.694,
3707.846,
3064.025,
4099.236999999999,
1855.363,
1855.638,
7845.3,
7535.937,
2263.8120000000004,
1855.778,
1855.92,
3376.528,
1856.8029999999999,
5256.08,
2499.244,
1859.991,
1859.867,
1855.231,
3300.398,
3139.4500000000003,
1860.329,
5988.152,
6267.656,
1856.023,
3236.767,
4792.4490000000005,
3358.927,
1855.148,
1859.258,
8955.875,
1859.524,
6023.587,
3220.013,
1855.7520000000002,
4741.387,
2344.125,
2828.9990000000003,
4330.849,
3628.55,
1855.6399999999999,
4479.92,
2880.301,
5896.393,
2816.095,
2850.654,
3591.851,
4488.559,
2871.884,
2859.608,
12635.885,
1861.269,
2814.8979999999997,
2500.239,
4020.459,
2343.804,
1860.424,
1860.111,
1860.076,
2655.4350000000004,
3063.624,
3379.665,
2264.519,
3396.556,
10126.763,
3299.87,
1856.241,
2268.212,
1859.086,
2883.963,
1859.852,
9379.675000000001,
1859.969,
5307.329000000001,
4540.21,
3840.4159999999997,
5227.534000000001,
3063.482,
3862.837,
4679.1,
4995.885,
7123.905,
8911.666000000001,
4471.323,
1860.571,
1859.865,
3684.2990000000004,
7300.634,
2816.7019999999998,
1858.8590000000002,
1858.743,
5582.6269999999995,
1854.8210000000001,
5476.227,
1860.363,
4428.293,
2830.898,
3063.438,
2263.396,
9884.252999999999,
1859.4679999999998,
2423.552,
3920.119,
4968.321000000001,
3500.306,
3611.828,
1859.886,
1860.249,
3865.224,
2499.7760000000003,
5125.527,
5916.313,
2579.7129999999997,
2268.15,
2858.897,
3062.979,
2343.1820000000002,
4756.133,
4219.966,
3343.8940000000002,
3144.076,
3299.84,
2579.64,
2267.788,
6748.196,
1859.914,
8268.093,
1860.143,
6577.009,
1859.7520000000002,
2345.049,
2815.007,
1860.474,
1860.2240000000002,
3708.33,
2907.861,
8880.133000000002,
1856.468,
1859.356,
2868.2180000000003,
2736.281,
1859.7740000000001,
7320.919,
3144.568,
2268.763,
3615.41,
5755.513,
3431.731,
2579.5849999999996,
2871.2439999999997,
1860.2179999999998,
2580.069,
1860.17,
11685.739,
3144.198,
3431.5,
3944.0499999999997,
7283.5869999999995,
1858.971,
9000.192000000001,
5516.3279999999995,
3536.255,
2344.455,
4427.703,
1860.721,
3867.884,
3067.0769999999998,
2348.51,
3299.815,
1859.3010000000002,
3068.067,
2832.1800000000003,
5275.659,
1858.374,
1859.957,
4472.574,
7620.8949999999995,
1860.185,
6439.667,
2832.6319999999996,
1860.8519999999999,
3144.48,
1860.044,
4116.392,
3818.7039999999997,
5323.187,
8120.668000000001,
4540.072,
3272.754,
5851.738,
8368.054,
2740.564,
1859.781,
10880.321,
2875.626,
3907.1319999999996,
1859.545,
3432.306,
2503.723,
6404.128,
6612.842,
1859.4470000000001,
2424.849,
2864.4210000000003,
3320.05,
4988.375999999999,
2740.478,
4140.496,
3851.768,
2817.187,
1860.1160000000002,
4360.578,
3259.2509999999997,
2348.228,
6592.269,
1859.999,
1864.605,
5464.366,
7385.482,
6376.763999999999,
1863.133,
4259.572999999999,
5120.193,
3279.842,
1860.144,
1860.044,
1860.117,
4103.826,
1859.8220000000001,
1859.4170000000001,
6167.522,
2504.223,
3068.527,
3084.483,
8248.882,
2880.375,
6299.273999999999,
6020.035,
1863.682,
1864.326,
1860.69,
3264.3019999999997,
8144.49,
1863.33,
6020.022,
6140.558,
2583.96,
2879.779,
1863.823,
5955.669999999999,
1860.387,
2659.818,
7999.97,
3460.974,
4587.4490000000005,
3263.9049999999997,
9416.396,
2348.343,
5419.938,
1863.3120000000001,
2347.67,
2991.834,
3370.636,
2833.109,
6263.512000000001,
1860.0220000000002,
2424.599,
3351.6,
1864.295,
6415.807,
3632.18,
4599.536999999999,
4915.57,
2865.4069999999997,
1863.2949999999998,
3428.043,
3540.1699999999996,
2503.925,
3663.557,
3696.059,
3631.536,
4652.559,
3431.141,
4352.246,
1866.722,
1864.0149999999999,
1863.032,
4041.4909999999995,
3355.643,
7602.9580000000005,
1855.101,
3588.232,
3411.902,
4595.699,
4940.4349999999995,
1855.3310000000001,
3372.394,
2575.5840000000003,
4387.863,
5225.682,
2496.037,
2496.4719999999998,
2576.07,
2340.1369999999997,
2857.257,
11315.189,
1850.666,
3779.493,
3284.0220000000004,
2856.0699999999997,
1855.273,
4067.8349999999996,
1855.709,
5792.276,
1855.729,
2812.252,
3575.702,
2870.551,
1855.23,
3059.4640000000004,
5143.067,
6224.7029999999995,
5924.805,
1855.572,
3139.813,
7456.1630000000005,
1856.5810000000001,
5788.187,
1856.103,
4487.281,
8856.070000000002,
2807.886,
2495.9280000000003,
1856.422,
6308.383,
3801.627,
4135.982,
2655.732,
2868.2219999999998,
4987.771000000001,
3467.757,
5316.887000000001,
3687.431,
1855.742,
5959.628000000001,
3600.0930000000003,
1857.622,
1854.6789999999999,
10334.778,
3544.035,
1855.728,
7420.39,
6544.632,
2263.638,
3739.869,
6955.688999999999,
8355.672999999999,
2264.109,
3567.177,
2651.607,
1856.1319999999998,
4795.899,
2495.42,
3568.0049999999997,
3432.243,
2811.978,
3804.195,
7480.354,
3452.097,
1857.31,
5236.023999999999,
2731.627,
3261.33,
2339.178,
8911.659,
2903.658,
1856.904,
4698.619,
1854.763,
5535.468,
4111.352,
3296.494,
1856.021,
1851.694,
9752.408000000001,
1855.896,
6672.521,
3375.817,
2811.858,
4383.835999999999,
6689.691,
4267.905,
4503.996,
3231.102,
5651.831999999999,
1856.3899999999999,
1855.923,
3623.537,
1856.143,
2812.284,
1856.921,
6023.133,
4464.603,
1856.948,
6571.493,
2876.6699999999996,
1857.1290000000001,
2902.377,
5728.063,
1855.347,
3439.9519999999998,
3780.3300000000004,
2264.865,
5084.478,
1855.5410000000002,
5287.013,
2654.589,
4039.026,
2827.9429999999998,
3940.507,
1856.516,
1856.53,
1855.9859999999999,
3783.549,
1855.9699999999998,
3312.0409999999997,
1855.273,
4792.167,
3764.454,
4792.568,
7031.619,
6675.777,
2984.091,
5815.777,
5292.98,
2262.778,
4070.93,
2340.139,
1856.0049999999999,
1855.693,
3313.0280000000002,
2343.625,
3063.733,
1856.118,
1856.277,
5432.625,
1855.8870000000002,
5008.362,
2984.2019999999998,
4707.535,
2871.693,
4133.439,
1856.566,
7783.927000000001,
4428.138,
3704.011,
3548.038,
4192.42,
2419.371,
1855.626,
1856.42,
12828.041000000001,
5395.9619999999995,
2872.671,
11952.632,
1855.043,
3063.6960000000004,
1856.8229999999999,
1855.872,
6453.388,
1856.696,
4020.068,
4946.972,
1856.0149999999999,
2343.4179999999997,
1855.751,
3549.099,
1855.144,
1857.2630000000001,
4444.3279999999995,
3851.954,
3515.6969999999997,
2575.907,
4959.437,
2263.815,
2342.576,
1856.0520000000001,
2908.362,
10496.546,
2420.892,
3944.095,
1857.2820000000002,
3391.923,
1856.505,
4788.017,
12240.419,
2263.6910000000003,
4863.673000000001,
5475.736000000001,
6859.200000000001,
6648.723999999999,
3784.009,
9319.791000000001,
3472.228,
2871.5449999999996,
4713.274,
1856.0529999999999,
4927.755,
3219.401,
2988.0429999999997,
5799.979,
10708.074999999999,
3863.995,
4396.424,
1860.0890000000002,
8343.289,
3783.095,
1854.778,
4552.024,
2499.96,
2263.202,
1860.263,
1857.502,
4083.4809999999998,
2580.6209999999996,
4394.298,
4630.456999999999,
1855.407,
2810.5299999999997,
6048.698,
1859.815,
2344.8349999999996,
3064.167,
15467.949,
9519.982,
4020.01,
4311.847,
5588.008000000001,
1860.333,
3143.678,
4640.79,
1860.333,
1860.1129999999998,
2418.729,
2499.4390000000003,
3863.431,
1856.706,
6619.975,
1859.4360000000001,
6913.55,
1856.263,
8320.466,
1859.205,
2830.581,
3707.9240000000004,
3235.958,
2343.5510000000004,
1856.0030000000002,
6315.861,
4823.307,
1859.969,
5848.213000000001,
1855.802,
4583.709,
5651.223,
2655.917,
1859.949,
1860.411,
2268.063,
1859.873,
3068.678,
3064.529,
3532.3,
1859.833,
3292.71,
4571.64,
2859.935,
10780.401,
3863.9610000000002,
3803.986,
4355.868,
3220.433,
2263.9779999999996,
2875.973,
2867.756,
3144.5280000000002,
1856.357,
1860.913,
1860.221,
9280.101999999999,
3709.1789999999996,
6617.13,
2263.854,
4440.307,
2344.027,
4036.028,
9452.439999999999,
6328.070000000001,
4152.2880000000005,
2815.011,
4320.750999999999,
3535.285,
3799.4919999999997,
6335.981000000001,
3548.183,
2655.955,
5192.839,
5052.281,
1861.07,
3143.5840000000003,
2343.998,
1860.48,
3235.343,
3259.8959999999997,
5752.2029999999995,
2832.603,
4992.29,
2498.779,
6103.311,
2344.097,
5055.137000000001,
4068.112,
5268.19,
1860.626,
2875.75,
3787.819,
5279.314,
7616.759,
2655.805,
4916.517,
8700.767000000002,
7880.12,
3299.5420000000004,
1860.1019999999999,
6254.998,
1859.7269999999999,
3259.447,
2655.596,
1858.9940000000001,
9240.975,
3847.54,
1860.587,
1859.759,
6796.659,
8020.657999999999,
5227.422,
3299.93,
5752.378000000001,
8779.705999999998,
2739.661,
2580.491,
1861.1789999999999,
1860.73,
1860.344,
1859.8790000000001,
2267.4249999999997,
4819.453,
1859.532,
2267.375,
1859.745,
4644.0960000000005,
3222.9100000000003,
1859.6779999999999,
3144.61,
6320.603,
3551.982,
7428.397,
6512.5380000000005,
1860.77,
2911.893,
5284.363,
3380.916,
6372.505999999999,
4599.884999999999,
3068.0040000000004,
2503.0950000000003,
1860.042,
1857.757,
1859.7749999999999,
2659.621,
3592.38,
1860.7350000000001,
1860.5449999999998,
1860.652,
2581.025,
2987.688,
2580.3340000000003,
2988.651,
9591.608,
6316.328,
2851.4590000000003,
3515.2999999999997,
4431.629,
3068.293,
1859.577,
2877.203,
1859.296,
4296.461,
5748.1179999999995,
1859.7930000000001,
1859.0919999999999,
6848.972,
1860.9940000000001,
4633.295999999999,
1859.831,
1863.5710000000001,
4460.086,
8687.951,
4420.072,
2503.022,
2852.265,
11031.723,
7296.084,
7195.383,
7092.094,
2267.766,
1860.133,
8817.717,
8149.155000000001,
7549.202,
3787.9990000000003,
5531.423,
8903.791,
3787.419,
2879.654,
3515.792,
6568.5070000000005,
3819.7169999999996,
3148.116,
1864.531,
1860.0749999999998,
5560.253000000001,
2871.959,
2906.479,
2504.4990000000003,
1860.047,
4776.455999999999,
5744.098,
3225.145,
7331.475,
3768.051,
3303.103,
10155.013,
8420.476,
3318.409,
1860.103,
6080.4,
1859.4219999999998,
3712.163,
2739.751,
6659.7970000000005,
3989.722,
4024.184,
1860.85,
4099.393,
3504.526,
2428.1009999999997,
12192.353000000001,
3831.735,
1860.0159999999998,
1864.0529999999999,
8039.5470000000005,
2832.979,
4115.723,
5612.6449999999995,
3616.3439999999996,
1862.584,
2740.7180000000003,
3355.495,
7284.4490000000005,
2992.013,
2503.4049999999997,
4623.925,
2856.9049999999997,
6064.691,
2269.6589999999997,
5387.895,
7604.072999999999,
1863.324,
3461.098,
5179.984,
1860.104,
2504.727,
6924.735,
2272.388,
2427.664,
2832.055,
2884.161,
2863.68,
1859.42,
3428.142,
2659.342,
3384.1290000000004,
5360.908,
6949.223,
5951.96,
5552.594,
1859.364,
3067.834,
3789.519,
3280.04,
2340.996,
3295.9489999999996,
1852.142,
2651.3759999999997,
1852.071,
2651.7309999999998,
1856.503,
9016.523,
3216.054,
1852.8880000000001,
2260.2760000000003,
3504.019,
4187.840999999999,
1856.0140000000001,
7464.563,
1855.9920000000002,
4776.43,
1855.7079999999999,
3704.032,
4188.224,
3935.913,
7719.875,
1852.2050000000002,
1855.623,
1855.901,
6168.934,
2415.976,
3060.037,
3686.477,
5588.518,
2259.3540000000003,
6579.858,
3059.476,
1855.6809999999998,
3569.405,
1856.511,
2656.1,
3499.85,
5143.613,
1856.3609999999999,
3861.2380000000003,
1855.652,
3359.201,
1855.633,
3468.372,
1856.782,
3996.208,
4580.216,
6535.85,
1856.302,
11931.213,
1854.997,
10195.550000000001,
3832.125,
2495.958,
1856.923,
9169.623,
3936.9480000000003,
4376.089999999999,
4251.291,
1856.0149999999999,
6812.4529999999995,
3858.275,
4304.049,
2652.5919999999996,
1855.78,
2419.736,
1855.751,
4502.576999999999,
7109.94,
3608.5099999999998,
9995.738,
1855.588,
2655.784,
9099.989000000001,
2807.65,
2576.046,
4439.136,
1854.904,
5908.574,
4504.681,
3840.475,
6991.048,
1851.809,
14075.678999999998,
1855.702,
1856.564,
7035.636,
3888.37,
9508.731,
10063.860999999999,
6068.313,
2731.563,
1855.24,
4347.397,
1856.569,
1856.3890000000001,
1857.569,
1857.484,
6619.613,
3703.532,
1855.717,
2872.275,
2263.816,
8976.429,
2420.0409999999997,
2748.547,
7392.9439999999995,
4820.019,
3295.51,
8976.044,
1856.167,
3141.422,
2340.3559999999998,
1855.482,
1856.109,
4424.121999999999,
5224.341,
2732.0989999999997,
3875.631,
6908.013999999999,
3064.362,
3252.177,
9756.204,
1856.099,
1856.2430000000002,
2847.9519999999998,
3392.0240000000003,
1856.933,
4020.5590000000007,
3391.9990000000003,
2343.973,
4581.1,
1856.932,
8435.863,
2575.3210000000004,
1856.1879999999999,
9696.496,
4094.4570000000003,
1855.9650000000001,
1855.374,
6140.516,
2263.386,
1854.961,
4383.735,
1855.268,
1857.367,
6076.471,
2812.545,
12972.555,
2420.5879999999997,
2811.757,
13916.579,
1856.327,
3138.8579999999997,
1855.4250000000002,
3064.2999999999997,
3311.681,
5335.507,
5106.552,
4243.9130000000005,
3444.337,
1855.219,
1855.908,
1855.181,
2860.598,
1856.0220000000002,
3300.038,
1855.976,
1856.295,
1855.641,
1856.375,
3704.606,
1855.95,
5388.693,
1856.25,
1855.8980000000001,
2983.956,
4791.613,
2735.423,
10602.320000000002,
2263.9170000000004,
2656.407,
4176.804,
3316.062,
4367.539,
2671.409,
3783.176,
9711.497,
4691.886,
7136.576,
2420.621,
3783.998,
6136.456,
4307.955,
2851.44,
4020.149,
2983.466,
2851.737,
2420.0,
2987.241,
7043.505,
1856.288,
3219.699,
3595.846,
4584.972,
2829.093,
2343.5280000000002,
2856.187,
2499.8680000000004,
7144.347,
3220.392,
3704.169,
3456.168,
9004.261,
6448.424,
3411.7099999999996,
3413.493,
1855.801,
4251.654,
5475.726,
1856.054,
4020.181,
1855.784,
3551.566,
2499.939,
2855.372,
5491.336,
5540.111,
2752.048,
3299.874,
2735.384,
1860.324,
2984.585,
4539.7,
4583.389,
2343.9260000000004,
2342.225,
2735.928,
3220.3210000000004,
3591.53,
4663.485,
2751.362,
2575.08,
5843.579,
2656.547,
1860.031,
1859.531,
2423.395,
3349.379,
1858.654,
2811.926,
3363.855,
2263.717,
1856.555,
4251.897,
3299.831,
2264.411,
7572.763,
4114.9529999999995,
5747.34,
1856.9180000000001,
11692.875,
3298.82,
1859.8429999999998,
5840.565,
1856.9089999999999,
2344.477,
2670.709,
1860.628,
3144.05,
1859.943,
10308.608,
3831.974,
7083.363,
3271.561,
9348.104,
5248.863,
2671.4069999999997,
1859.806,
2987.951,
2983.682,
4975.62,
4144.223,
2343.801,
1859.206,
2343.9049999999997,
7283.8279999999995,
8084.241000000001,
1861.3880000000001,
2751.595,
1856.0700000000002,
4311.834,
5784.284000000001,
2875.996,
1859.893,
2424.297,
2263.52,
6004.354,
6260.678000000001,
7007.186,
3787.596,
4502.694,
9332.141,
1859.291,
5383.517000000001,
1860.424,
2269.946,
2851.718,
2503.151,
9607.925,
1860.065,
1855.878,
1859.732,
2737.032,
1859.5459999999998,
5920.174,
2752.375,
5508.039,
4348.148,
1860.1879999999999,
2263.898,
2659.8799999999997,
3470.5,
1859.911,
7768.802,
2267.885,
1859.7060000000001,
1859.9399999999998,
3679.927,
1860.039,
2344.284,
1860.947,
1860.0049999999999,
1856.222,
10832.144,
2986.885,
1859.787,
5845.04,
7552.505,
5396.469,
7036.606,
3631.967,
1859.669,
5275.823,
3787.668,
1860.246,
5932.4529999999995,
3145.277,
4319.993,
10828.442000000001,
1859.964,
2423.37,
4227.577,
5743.428,
1860.744,
4759.979,
6459.6939999999995,
5383.855,
2267.727,
4384.5,
5714.74,
3536.1090000000004,
2868.022,
3551.911,
1859.859,
4284.266,
1860.366,
8831.842999999999,
1860.147,
3460.212,
3631.956,
1858.704,
3064.8140000000003,
3288.576,
7796.610000000001,
5911.5289999999995,
1860.422,
2816.476,
1860.171,
3515.581,
5940.2699999999995,
5032.469,
1860.603,
2740.227,
1860.3590000000002,
5995.799,
3148.56,
2503.054,
3663.876,
3378.552,
2865.334,
1859.7740000000001,
4835.218,
1860.151,
2660.117,
1860.302,
3788.234,
2503.771,
8427.638,
6312.321,
5412.396000000001,
7764.766,
1858.827,
4000.361,
3283.993,
6624.579,
6959.514999999999,
2815.8889999999997,
3632.9519999999998,
7240.36,
4024.419,
3676.2290000000003,
4195.822,
3768.003,
1859.6589999999999,
4115.536,
2739.748,
3752.178,
2659.893,
2504.326,
3147.907,
3595.982,
3396.292,
6603.99,
4891.693,
2991.887,
2740.868,
3360.331,
4196.593,
1858.8039999999999,
1865.285,
6303.853,
9248.215999999999,
1860.1689999999999,
1860.425,
1864.757,
1863.211,
1864.417,
2579.884,
4353.363,
2739.8630000000003,
3943.077,
8907.619999999999,
2740.102,
5399.775,
4512.391,
2911.559,
6576.218,
1859.247,
2659.5209999999997,
2860.427,
1858.997,
5187.678,
5758.129,
3068.219,
4100.029,
2872.2690000000002,
6927.546,
3264.7650000000003,
2584.234,
1863.876,
4432.273999999999,
1859.484,
2423.766,
2429.581,
3395.8979999999997,
3827.807,
8772.137,
3067.829,
5300.6669999999995,
4079.941,
2992.562,
4871.577,
3355.7380000000003,
4667.318,
2877.033,
14493.173,
3260.507,
1860.1970000000001,
6985.037,
4022.919,
6032.1939999999995,
5404.327,
1860.302,
2271.5139999999997,
4329.202,
5480.138,
2852.149,
7699.812,
2661.039,
2860.576,
5930.5199999999995,
4824.194,
2912.583,
1865.3619999999999,
1863.1979999999999,
2819.538,
4555.642,
3068.505,
6251.5070000000005,
3787.9049999999997,
5023.812000000001,
2991.799,
5255.778,
9272.044,
3360.5429999999997,
3360.3269999999998,
7776.489,
7860.76,
6080.241,
2339.663,
1855.407,
2668.93,
5016.085,
1856.002,
1855.539,
4208.0109999999995,
4556.257,
2496.0789999999997,
1851.852,
3060.658,
2260.311,
1855.802,
2260.0229999999997,
2880.567,
1851.501,
1856.155,
2869.3300000000004,
4479.5740000000005,
2979.978,
7626.593,
3768.036,
6212.008,
5216.187,
6544.18,
2496.6569999999997,
1857.005,
2847.3030000000003,
2419.5159999999996,
1852.266,
1856.291,
2496.1440000000002,
2339.4080000000004,
2339.622,
4332.347000000001,
2419.4320000000002,
8619.168,
8335.469,
2495.804,
5428.455,
6305.245,
4396.5,
3236.257,
4896.008,
6572.168,
1856.173,
3331.718,
4896.109,
1856.263,
2827.817,
3280.151,
2340.623,
5003.508,
3344.145,
3588.444,
2732.383,
5275.145,
2496.8720000000003,
2419.6059999999998,
4475.29,
1855.7520000000002,
3704.11,
1855.1550000000002,
3140.706,
4791.1539999999995,
1855.479,
7971.863,
1856.9199999999998,
5091.876,
2732.497,
5107.195,
3343.6499999999996,
1855.975,
3438.545,
2651.308,
2731.9399999999996,
5052.2429999999995,
2339.406,
9595.708,
2258.584,
2264.1369999999997,
1856.64,
3059.9970000000003,
1856.338,
1855.884,
3343.7000000000003,
3059.951,
3672.22,
1854.862,
2827.929,
2652.454,
6176.241,
1857.054,
2860.1519999999996,
2263.651,
1855.9399999999998,
2810.857,
4832.563,
1855.916,
2500.066,
1856.088,
1857.2740000000001,
4372.645,
3467.467,
1856.252,
6524.317,
4375.772000000001,
2731.804,
2875.0330000000004,
1857.464,
1856.748,
2903.751,
1856.3719999999998,
2855.5730000000003,
8323.791,
7528.2119999999995,
2343.919,
1856.1080000000002,
1856.546,
3060.01,
1855.435,
2420.652,
3864.4379999999996,
2903.971,
1856.2510000000002,
8413.078000000001,
4847.998,
4755.586,
6432.095,
2496.273,
2421.102,
1855.9460000000001,
2876.621,
1856.0449999999998,
3259.732,
3785.615,
1856.624,
1855.558,
2672.0660000000003,
6808.169999999999,
2264.1279999999997,
3702.9519999999998,
2263.786,
1855.9399999999998,
7267.876,
2264.587,
2575.7349999999997,
1859.788,
2846.838,
1855.8619999999999,
6788.68,
2731.7670000000003,
10416.449,
2908.8720000000003,
2811.432,
10371.786,
2880.247,
2908.015,
1855.528,
1855.964,
4787.756,
3852.1040000000003,
7047.937,
5837.907,
4956.402,
2863.756,
2264.695,
7196.0689999999995,
2263.781,
8088.187,
3355.4460000000004,
3140.421,
6875.37,
2811.742,
1855.302,
4943.5070000000005,
1857.347,
1856.331,
1854.983,
1855.683,
3884.0499999999997,
3759.197,
7936.135,
3456.7580000000003,
3576.378,
6468.466,
4580.733,
3455.4700000000003,
2856.334,
2908.328,
4096.599,
3220.1949999999997,
5111.44,
1860.366,
8152.024000000001,
1855.564,
3375.384,
2500.009,
4191.821,
1860.6609999999998,
2656.071,
3691.6530000000002,
1859.963,
2579.99,
4143.198,
6040.507,
3219.5299999999997,
8976.963,
2424.319,
1857.367,
1855.4379999999999,
2499.125,
3143.9089999999997,
5384.13,
2343.801,
2420.709,
4331.9619999999995,
1855.8509999999999,
5476.211,
12751.309,
4348.152,
4599.495,
2655.939,
8647.349999999999,
4896.283,
1855.8220000000001,
5424.076,
1856.1380000000001,
3160.2830000000004,
1860.984,
1859.645,
4035.7659999999996,
5184.064,
6576.405000000001,
2751.4919999999997,
4688.6669999999995,
1860.805,
1860.063,
1859.559,
1860.1499999999999,
1855.236,
9828.483,
4459.88,
5436.305,
3335.996,
7371.861,
1856.595,
1855.464,
12304.588000000002,
3359.437,
4756.1900000000005,
4116.031999999999,
5147.159000000001,
1860.531,
5776.309,
2263.2490000000003,
5476.084,
5412.381,
3472.256,
2988.074,
3143.796,
3395.3920000000003,
10068.129,
5976.2789999999995,
4347.678,
3335.825,
2424.468,
3367.7000000000003,
1859.761,
10086.562,
1860.774,
4565.209000000001,
3420.36,
3736.487,
7827.45,
6372.566,
2816.614,
5916.593,
2828.7740000000003,
1859.977,
2499.942,
5195.845,
2988.33,
11076.13,
9583.37,
4603.438999999999,
3220.928,
1859.971,
1859.327,
5672.0779999999995,
2500.105,
2832.6479999999997,
1860.448,
2872.085,
5847.595,
4292.208,
4755.128,
1859.804,
2267.823,
4288.253,
1858.9340000000002,
6660.6050000000005,
6971.305,
3551.73,
2504.591,
1860.617,
2735.92,
4240.447999999999,
5347.711,
3303.355,
2344.486,
2267.335,
2579.955,
5936.4619999999995,
2268.728,
2343.684,
2832.26,
5896.887000000001,
3840.182,
5172.06,
2988.273,
5439.8099999999995,
1859.699,
2855.976,
2908.0170000000003,
1859.834,
5584.787,
8760.518,
2503.923,
1859.899,
1859.833,
1861.214,
5912.339,
6203.807000000001,
3067.9979999999996,
3284.36,
1859.3249999999998,
2503.987,
1859.627,
2815.5480000000002,
2735.96,
2344.0319999999997,
2884.078,
2864.547,
1858.5210000000002,
8111.764000000001,
2812.855,
2422.9519999999998,
3443.812,
5307.249,
1859.3880000000001,
2884.246,
2872.8289999999997,
2267.068,
4351.799,
8364.098,
5792.039,
2504.6490000000003,
4060.497,
1861.076,
2504.784,
3851.912,
2864.536,
2348.913,
3304.536,
4352.98,
6919.727,
2734.654,
1859.888,
2753.006,
1860.5259999999998,
4587.569,
12292.401,
3855.95,
2579.62,
2583.709,
2579.708,
1860.0829999999999,
3360.209,
7590.633000000001,
1865.041,
1860.992,
4874.93,
2348.248,
1859.357,
1858.309,
2504.477,
3143.7430000000004,
6688.264,
2659.895,
1859.636,
3260.117,
4700.369000000001,
1859.884,
3751.645,
4663.85,
1860.786,
4587.681,
2660.45,
1861.6490000000001,
2814.947,
1860.193,
4249.311,
4243.280000000001,
5071.505,
5072.192,
3552.301,
5788.491,
2911.751,
1860.73,
4179.1720000000005,
2267.435,
3814.571,
3224.168,
2268.943,
6675.84,
5987.29,
4729.178,
1859.9920000000002,
6416.2970000000005,
6108.043000000001,
4271.537,
5852.111,
2676.017,
4587.5289999999995,
1858.864,
4116.569,
1860.2730000000001,
3067.8869999999997,
1863.27,
2855.826,
2912.111,
1865.076,
1863.7030000000002,
5295.751,
4891.93,
2504.129,
2347.203,
1859.9730000000002,
4212.075,
2864.599,
1859.8410000000001,
9416.501999999999,
1859.957,
2267.158,
3067.413,
2911.618,
6332.16,
3067.618,
2272.713,
1860.0030000000002,
1861.374,
2860.602,
5467.217,
5283.793000000001,
2864.105,
3864.066,
7064.932,
7144.119,
3068.597,
1859.889,
1860.02,
4431.459,
6727.6179999999995,
3384.047,
3948.2270000000003,
3227.547,
9119.272,
1859.8980000000001,
8876.149,
2881.08,
1863.3619999999999,
4179.227,
3943.9519999999998,
3147.8,
2659.124,
1863.772,
2267.907,
1864.0890000000002,
1864.21,
2680.118,
1859.728,
1864.3410000000001,
8035.581999999999,
2503.787,
2268.955,
4915.9220000000005,
6636.96,
4828.357999999999,
2739.9629999999997,
3831.5209999999997,
1863.715,
7508.369,
2583.0280000000002,
1864.587,
2911.99,
3289.7349999999997,
1859.289,
1863.8600000000001,
1864.05,
10882.868,
5324.093000000001,
4512.843,
5440.032999999999,
3575.745,
4311.655,
1858.5819999999999,
1864.126,
3619.8920000000003,
1863.465,
3060.006,
4951.8009999999995,
3136.2230000000004,
4971.066000000001,
3860.2560000000003,
3623.596,
2903.717,
2339.007,
1852.866,
2339.915,
6215.505,
2420.131,
1856.178,
5983.868,
3215.6169999999997,
1852.2730000000001,
1855.686,
2980.302,
2807.1670000000004,
5237.326,
6975.885,
4017.0130000000004,
2576.462,
1851.977,
3495.625,
6517.094,
5639.412,
3652.8019999999997,
3800.043,
3140.597,
3295.847,
3059.922,
6100.183999999999,
1854.967,
7767.9619999999995,
1856.0700000000002,
1856.6309999999999,
1856.069,
1856.5449999999998,
4175.529,
2903.5440000000003,
10045.966,
6079.579,
1852.509,
4500.072,
1855.9099999999999,
4319.848,
4432.461,
1852.0749999999998,
4739.825,
1856.071,
2575.979,
4232.177,
1857.068,
9315.835,
2851.51,
9627.914,
1852.223,
6636.5509999999995,
6797.383,
8764.586,
1856.0890000000002,
6872.062,
1855.4679999999998,
1851.26,
6191.696,
1856.066,
4488.429,
5979.688999999999,
6604.0830000000005,
6312.383,
1857.423,
3780.366,
1852.859,
5223.714,
4016.0429999999997,
1855.3980000000001,
3260.5620000000004,
3139.5080000000003,
7520.417,
5484.003000000001,
6099.936,
1855.395,
2828.778,
4372.165,
3531.665,
1857.674,
4067.533,
4487.318,
2264.3810000000003,
2576.601,
2576.564,
6644.820000000001,
4851.084,
5599.357999999999,
1855.741,
3312.8630000000003,
4208.374,
6713.538,
2343.95,
2847.3320000000003,
5671.732000000001,
2420.541,
3532.431,
11288.171,
5687.6939999999995,
1855.771,
1856.001,
5943.7480000000005,
3703.473,
1855.867,
2655.332,
1856.238,
1856.903,
11084.431,
1855.157,
7092.182,
2908.131,
7292.6669999999995,
2420.4159999999997,
2263.309,
3219.5640000000003,
7375.523,
3859.954,
2851.411,
1854.778,
6275.964,
5591.96,
1855.6509999999998,
6528.1050000000005,
2263.82,
1857.0910000000001,
5440.525,
2851.228,
2811.1989999999996,
3547.721,
2847.163,
7353.369,
4540.36,
5056.4349999999995,
4695.261,
2812.188,
2876.5589999999997,
4583.472000000001,
2340.419,
1856.846,
2984.309,
2864.0119999999997,
5951.709,
5020.668,
6053.074,
3376.622,
2263.779,
3140.148,
1856.024,
3992.609,
1855.6200000000001,
10600.71,
1856.737,
3995.5080000000003,
5340.709000000001,
1855.785,
2847.613,
6960.515,
4627.6630000000005,
1855.596,
1856.086,
6174.495,
3377.03,
1855.387,
3992.1600000000003,
2262.7090000000003,
1855.918,
3864.281,
5567.863,
9116.424,
15503.57,
1856.984,
8452.895,
4392.878,
3064.032,
5904.133,
3283.7200000000003,
1855.461,
5883.918000000001,
6491.9890000000005,
3392.0620000000004,
4678.674,
6475.916,
5436.4400000000005,
4808.576,
4816.133,
1856.0259999999998,
4096.536,
4383.428,
1856.241,
1855.919,
4875.903,
3707.46,
2423.364,
2810.9190000000003,
4438.914,
3376.169,
3471.251,
6787.3859999999995,
4703.933,
5167.2919999999995,
2344.728,
2984.7450000000003,
3063.799,
2655.5620000000004,
4508.0869999999995,
1856.963,
1855.834,
2847.99,
3423.711,
2736.8179999999998,
1861.489,
2265.131,
5011.049,
13987.891,
3955.511,
3236.1879999999996,
1854.843,
3220.444,
1855.364,
3391.8650000000002,
1859.809,
1859.933,
6536.343,
1859.512,
9435.49,
2423.784,
6077.039,
6735.7300000000005,
1859.4250000000002,
1860.109,
1860.5020000000002,
1856.514,
2812.4449999999997,
4738.463000000001,
6218.149,
1856.135,
6768.235,
2655.453,
2655.287,
2267.8379999999997,
1859.528,
3300.045,
6296.684,
3728.327,
8715.681,
7720.150000000001,
3548.448,
1855.606,
1859.4109999999998,
3707.928,
2263.427,
13138.604000000001,
1859.981,
1860.175,
1858.387,
1859.062,
1859.379,
1854.338,
2580.5159999999996,
1855.829,
7312.515,
1860.694,
2263.2729999999997,
4663.492,
2851.732,
7940.106,
4872.097,
4651.934,
8639.915,
3300.1040000000003,
3708.109,
3507.8089999999997,
2851.143,
3913.0769999999998,
1860.097,
2267.5679999999998,
1860.8290000000002,
3787.596,
6044.0019999999995,
3570.852,
2262.968,
5243.432000000001,
1859.826,
3276.585,
6028.8820000000005,
12745.207,
3901.4669999999996,
1860.5929999999998,
3551.829,
1860.594,
14340.317000000001,
4584.085,
3069.257,
6833.0960000000005,
11656.597,
1860.221,
4072.526,
1860.266,
3427.697,
4464.624,
4444.007,
7783.554,
2852.118,
7584.804,
1861.202,
2868.204,
4651.6089999999995,
4368.119,
13239.506000000001,
5104.488,
4000.362,
1859.567,
1860.346,
10488.176,
1860.9940000000001,
5867.505,
2833.6130000000003,
6312.307,
1859.349,
5322.816000000001,
3268.788,
1860.358,
8342.841,
2659.902,
4811.799,
1860.054,
3844.389,
2580.009,
1859.908,
1860.514,
3068.111,
3944.414,
2267.123,
1860.043,
1860.485,
2832.4519999999998,
1860.694,
4583.992,
3384.3999999999996,
2264.0009999999997,
2832.103,
2422.489,
2911.812,
3667.695,
2268.231,
1859.701,
3711.6189999999997,
2736.5499999999997,
2580.0550000000003,
2344.133,
1859.458,
3711.1589999999997,
2872.258,
7603.676,
1859.664,
6729.085,
3684.253,
1859.89,
1861.519,
2740.344,
4663.357999999999,
2344.602,
1860.4279999999999,
1860.555,
2912.334,
5580.861,
1859.717,
1859.776,
4294.728,
4705.0830000000005,
8703.866,
2423.454,
2343.591,
6229.7570000000005,
1863.69,
1860.0049999999999,
2659.236,
1859.952,
2911.427,
4404.2919999999995,
1858.9370000000001,
15704.491,
6076.316000000001,
2503.935,
3856.029,
2424.0750000000003,
4396.201999999999,
1859.502,
2347.8979999999997,
2428.716,
5524.631,
6348.718,
3788.672,
3224.451,
3868.6240000000003,
1860.0639999999999,
2504.284,
2269.899,
4587.392000000001,
2347.81,
2504.1730000000002,
4837.259,
4468.261,
7648.54,
5952.188999999999,
2860.1200000000003,
4117.744,
1861.6090000000002,
1863.5710000000001,
1860.212,
3865.094,
1858.995,
2267.967,
2268.138,
4468.084,
1859.458,
5139.553,
2659.79,
1862.826,
3143.1800000000003,
4259.803,
2863.646,
5599.964,
4667.812,
3351.7329999999997,
3995.894,
2267.95,
1859.6200000000001,
7643.995999999999,
3679.73,
1862.7350000000001,
4822.9800000000005,
2347.335,
1864.073,
9120.243,
3911.77,
5456.341,
1864.285,
1860.008,
5152.343,
1864.808,
1860.009,
6224.024,
2659.156,
3436.225,
8176.313999999999,
1859.256,
1863.797,
3068.254,
5564.332,
2740.719,
1863.977,
4103.871,
1859.58,
2911.976,
2739.8630000000003,
1859.461,
5480.205,
1864.481,
2816.191,
11347.544,
1864.472,
1864.05,
4276.356,
4352.214,
3228.2380000000003,
6995.862,
5651.514,
4339.472,
3520.963,
2835.728,
1864.06,
4024.1749999999997,
10752.841999999999,
2347.945,
2739.786,
2990.91,
3147.9539999999997,
2660.287,
1863.528,
2819.874,
3712.122,
2348.458,
3788.0609999999997,
3631.375,
4759.589,
7804.756,
2872.836,
8700.07,
4476.09,
3452.276,
1865.361,
8347.972,
1864.42,
5544.031,
2659.8860000000004,
10388.399,
4743.099,
4140.833,
2504.5060000000003,
1860.558,
5780.326999999999,
1863.892,
4656.367,
5979.6849999999995,
3871.659,
3676.37,
1852.431,
15924.614,
2340.095,
1851.8120000000001,
2341.3599999999997,
1856.3449999999998,
2731.388,
1851.4550000000002,
1851.924,
2260.4809999999998,
1855.956,
1854.6689999999999,
3706.6240000000003,
4502.647,
6556.143,
4701.071,
4543.081,
2339.795,
5923.214,
9699.988,
2575.203,
10812.53,
1856.0829999999999,
2731.861,
1851.7740000000001,
6604.371999999999,
1856.403,
1855.6029999999998,
8537.011,
6099.679,
2339.537,
2656.1110000000003,
1851.8220000000001,
2260.537,
1855.236,
2731.948,
5943.5650000000005,
5816.6089999999995,
1855.243,
4987.587,
1855.622,
1855.9589999999998,
6729.156,
3451.361,
2863.747,
1856.449,
1855.95,
3360.51,
1856.016,
3724.3179999999998,
2571.952,
1855.729,
3608.924,
1856.173,
4963.082,
1856.184,
1855.435,
3467.107,
5120.407,
3283.404,
4323.44,
2264.2859999999996,
3452.4339999999997,
3140.5660000000003,
3548.5159999999996,
1855.57,
1856.0220000000002,
4135.7080000000005,
5799.757,
8099.572,
2868.178,
10353.659,
2984.604,
3623.891,
1855.394,
4950.572,
5836.437,
3295.549,
3935.811,
11265.157000000001,
1857.087,
5679.8099999999995,
2731.1079999999997,
2747.4379999999996,
3864.886,
5491.51,
3548.515,
6335.879,
1855.627,
2656.256,
3220.12,
2813.203,
2340.337,
4348.253,
1855.699,
2264.3430000000003,
1855.683,
10808.079,
1856.305,
3918.299,
6996.438,
5032.281,
4632.285000000001,
11747.589,
2731.2569999999996,
1855.4969999999998,
5148.042,
1856.263,
3156.251,
2339.9939999999997,
4268.573,
1855.698,
1856.44,
5599.715,
2853.484,
3375.556,
1855.426,
4580.008000000001,
2263.986,
4653.8009999999995,
2419.946,
2747.6,
2575.0099999999998,
5481.046,
3375.0589999999997,
1855.964,
4795.308,
1855.481,
3219.8790000000004,
4504.5960000000005,
2656.096,
4347.367,
1855.9289999999999,
1855.669,
1856.506,
2731.602,
2495.892,
1855.977,
2871.9579999999996,
1856.06,
3376.182,
1855.9959999999999,
1855.524,
1856.4460000000001,
1856.215,
1855.421,
3466.768,
2868.452,
1856.952,
4536.981,
1855.73,
4269.008000000001,
1855.89,
1855.863,
4084.2270000000003,
5551.918,
4520.658,
7814.96,
3908.422,
6588.116999999999,
3651.6820000000002,
2343.8759999999997,
5475.063999999999,
7113.128,
1855.4330000000002,
4706.498,
3264.554,
1856.009,
2828.2980000000002,
4283.745,
2907.592,
6480.011,
1855.987,
4619.920999999999,
3144.01,
6235.903,
9520.16,
2263.6479999999997,
2907.824,
2656.4359999999997,
5404.2519999999995,
4111.878,
4584.245,
8069.031000000001,
5403.654,
1856.2160000000001,
2263.5679999999998,
3145.918,
1855.895,
1855.749,
3508.089,
1855.21,
3885.279,
3472.404,
5836.156,
3435.8450000000003,
6723.339,
3535.85,
5761.523,
1859.481,
1856.7279999999998,
3627.9680000000003,
3724.7110000000002,
4191.975,
2263.315,
7404.216,
5379.597000000001,
7112.211,
4756.397,
5706.857,
2263.969,
1855.784,
5460.541,
1855.499,
1855.754,
1859.8619999999999,
2735.9249999999997,
9316.046999999999,
1858.8020000000001,
3063.7279999999996,
3787.4469999999997,
2655.9590000000003,
5339.666,
1860.586,
1860.314,
2907.819,
1857.3809999999999,
4391.528,
3851.441,
5292.393,
2423.074,
2655.5049999999997,
4100.193,
1856.228,
2343.208,
2987.98,
3336.011,
4519.464,
5015.768999999999,
4755.651,
1855.24,
5475.494000000001,
1854.654,
5963.812,
5712.407,
3708.342,
7683.973,
2987.707,
3155.7909999999997,
5091.979,
2987.676,
2423.9809999999998,
7335.9220000000005,
8223.867,
1860.3609999999999,
3567.082,
3960.367,
3064.94,
2343.1929999999998,
3220.199,
3381.072,
1859.4550000000002,
3627.469,
2503.689,
2987.749,
3064.063,
4667.924,
4367.665,
2987.9069999999997,
1859.567,
1860.4750000000001,
9203.815999999999,
1855.902,
1859.297,
2660.4390000000003,
2752.047,
1858.718,
4020.3170000000005,
5443.444,
7548.045,
4020.2340000000004,
1860.0030000000002,
2579.121,
2263.921,
2268.9539999999997,
5336.597000000001,
2345.227,
2267.8250000000003,
2423.9410000000003,
3298.5890000000004,
3612.765,
2579.635,
7840.335999999999,
4115.942,
2868.192,
2851.362,
2660.402,
1860.046,
9907.447,
4024.0840000000003,
1860.1879999999999,
1859.98,
3927.641,
1860.211,
3659.434,
1859.066,
3223.806,
1859.3500000000001,
3316.0319999999997,
3824.535,
2880.562,
4993.388000000001,
1860.5400000000002,
1859.675,
5092.397,
6304.209,
3068.3669999999997,
2864.098,
1860.824,
3459.4049999999997,
11237.651,
1860.123,
9293.037,
4180.535,
2659.885,
1859.912,
5775.485,
1859.453,
5524.200000000001,
7880.229,
5807.829,
7540.597,
7608.905,
1860.11,
5823.525,
2583.6890000000003,
4255.232,
5779.083,
2831.444,
1860.1870000000001,
4427.798,
2907.7320000000004,
1860.3410000000001,
2580.842,
8743.748,
9152.048,
2659.843,
1858.8290000000002,
2267.8250000000003,
7484.132,
2907.571,
7392.427,
4976.021000000001,
2859.8590000000004,
3144.017,
3651.426,
2499.9880000000003,
4796.187,
2868.452,
7307.0019999999995,
1860.4750000000001,
6467.723,
2988.007,
4888.253,
2343.466,
5308.596,
1859.299,
2987.8070000000002,
1863.922,
1860.1799999999998,
5367.899,
1859.76,
1859.897,
1860.2479999999998,
1858.676,
5267.419,
4508.2789999999995,
6028.445,
4665.593999999999,
3693.813,
1863.513,
6980.481,
9475.904999999999,
1861.8319999999999,
5288.626,
3280.1209999999996,
3143.0769999999998,
5187.026000000001,
3868.764,
4636.405,
5307.572999999999,
1860.1129999999998,
7372.154,
2739.5679999999998,
2342.668,
4602.88,
2911.893,
8107.570000000001,
6636.4,
3379.829,
5680.028,
8036.3640000000005,
4271.291,
3423.509,
8552.465,
6044.511,
2348.679,
3712.468,
4071.587,
1864.45,
5811.876,
1861.086,
6280.24,
6795.2880000000005,
1859.6889999999999,
4588.6990000000005,
4404.156000000001,
1859.285,
3339.806,
4603.17,
1859.2459999999999,
3712.303,
4764.331,
3780.465,
3544.498,
5351.964,
3371.34,
1856.7689999999998,
4988.296,
1851.815,
5612.299,
2259.8650000000002,
5400.069,
1856.398,
4528.303,
1852.395,
3215.569,
6272.535000000001,
1851.599,
3528.383,
1852.041,
1856.1870000000001,
1852.115,
11100.182,
1856.339,
1851.634,
1856.834,
1856.175,
8575.827000000001,
2494.952,
4579.3,
4789.052,
7116.862,
6252.068,
1852.3529999999998,
7944.258,
2260.932,
1851.1740000000002,
1856.434,
1856.663,
3660.1189999999997,
1855.797,
1851.273,
7136.615,
3139.94,
6350.895,
3935.8399999999997,
4068.2299999999996,
1855.8049999999998,
8803.198,
4543.053,
1852.319,
1851.715,
1851.22,
3668.594,
1856.536,
9271.189,
1855.991,
4676.549,
3140.58,
4016.946,
1851.766,
2264.358,
5468.263999999999,
2258.677,
1856.5400000000002,
1856.0149999999999,
1854.851,
1854.5130000000001,
1856.03,
3820.203,
6476.018,
1856.347,
3984.319,
2259.446,
1856.594,
2652.042,
5364.585,
7517.651,
1856.573,
2731.461,
1856.6970000000001,
7555.6900000000005,
3403.6279999999997,
3704.5170000000003,
5140.2570000000005,
7027.9220000000005,
1855.87,
1856.4769999999999,
3976.058,
4777.6449999999995,
6023.933,
2731.9399999999996,
4875.643,
1855.5919999999999,
1856.234,
2500.1000000000004,
3312.179,
10424.238000000001,
2575.808,
1856.189,
6107.1939999999995,
1855.938,
1856.343,
5756.174,
5746.675,
3704.431,
3216.386,
2576.8559999999998,
4112.974999999999,
1856.3899999999999,
1856.2069999999999,
1856.293,
3835.891,
1856.7610000000002,
3060.167,
1855.5710000000001,
2263.4820000000004,
2264.6150000000002,
2731.69,
1855.54,
9134.624,
4660.132,
9028.73,
2496.2529999999997,
3060.779,
3375.351,
4579.585,
3923.349,
6804.632,
2499.851,
3060.107,
4175.649,
6043.831,
2344.873,
9627.559,
2903.681,
2263.754,
1856.144,
1855.548,
1855.79,
10943.233,
2732.434,
9904.407000000001,
1855.92,
2880.359,
1856.196,
4988.779,
4332.4490000000005,
2496.2200000000003,
3723.9719999999998,
4295.168000000001,
6776.437,
2851.709,
4300.433,
3688.826,
2880.772,
3732.129,
4488.2660000000005,
2810.988,
1856.0430000000001,
4439.615,
3586.418,
4896.527,
8743.607,
1856.018,
2340.573,
6620.340999999999,
2827.803,
1855.46,
1856.073,
2656.527,
2854.8300000000004,
3219.839,
3691.68,
1855.932,
7340.228,
1855.674,
4832.8189999999995,
7151.688,
3221.319,
2264.098,
3063.635,
6196.194,
4727.965,
2344.105,
2340.566,
4776.132,
5239.996999999999,
2656.886,
2855.48,
2656.005,
5800.012,
2875.627,
3220.603,
3856.029,
4659.597,
2671.685,
10015.872,
3863.4689999999996,
2499.746,
3315.305,
3220.3140000000003,
1857.262,
5711.615,
2420.496,
7128.026,
1855.003,
4781.361000000001,
7410.927,
5779.2919999999995,
3832.534,
2343.522,
12028.183,
1856.1209999999999,
1855.778,
1856.234,
2844.465,
3783.4539999999997,
1859.993,
3939.978,
5168.1140000000005,
1855.754,
4076.081,
5407.459,
2752.927,
1856.417,
6323.986,
3407.904,
1855.4679999999998,
3265.547,
11011.195000000002,
2860.106,
2580.42,
1859.569,
1856.379,
4020.9349999999995,
2343.753,
2988.315,
1856.5700000000002,
2344.6690000000003,
2659.917,
2344.767,
14375.675,
1855.728,
1856.459,
3836.4790000000003,
3063.4480000000003,
3943.023,
2907.692,
1859.189,
5931.067,
3380.2870000000003,
3316.5260000000003,
6507.494000000001,
1855.329,
4756.0419999999995,
3472.187,
2499.5530000000003,
5127.869,
1859.47,
4051.919,
3144.289,
1860.461,
2499.8689999999997,
1860.257,
3301.034,
2266.9579999999996,
5796.41,
1859.9399999999998,
2267.623,
5071.382,
1856.0700000000002,
2656.0510000000004,
4532.425,
2344.4440000000004,
2659.926,
1859.222,
4873.019,
1860.134,
4704.367,
4179.229,
14321.105,
4116.3369999999995,
1855.236,
7155.58,
1860.3799999999999,
1861.221,
3144.123,
3366.497,
3224.1749999999997,
2344.616,
3069.14,
7336.116,
2267.754,
1860.413,
3381.6259999999997,
1860.04,
3224.477,
2908.431,
5124.084,
2872.156,
9140.258,
4352.065,
2812.3680000000004,
2580.133,
11527.718,
2907.467,
13556.499,
2267.3869999999997,
1859.396,
1860.992,
2908.023,
4524.032,
2348.31,
5560.2210000000005,
5747.935,
1860.27,
7295.34,
1859.932,
3863.219,
2344.02,
2672.172,
1860.264,
5808.307,
2815.936,
5416.0779999999995,
4036.2799999999997,
3691.427,
4603.364,
5556.110000000001,
1860.2430000000002,
2423.8849999999998,
2504.4990000000003,
2815.909,
2503.795,
1859.8619999999999,
8111.713,
5787.878,
1859.259,
2344.067,
3379.1980000000003,
5342.929,
10454.649,
9088.663,
1858.846,
9839.903,
8575.521,
3844.538,
3221.534,
4996.933,
1859.478,
1855.798,
16020.156,
2912.7740000000003,
2344.0029999999997,
3960.478,
3752.821,
3827.8720000000003,
3785.4320000000002,
1859.923,
5580.488,
3316.592,
1859.846,
3567.753,
1859.772,
3275.893,
2674.764,
2988.3250000000003,
2675.392,
4247.411999999999,
3656.188,
2500.032,
1860.264,
1859.3809999999999,
5459.7660000000005,
1959.983,
1859.905,
1859.0040000000001,
3223.3230000000003,
5619.999,
5871.579,
2816.388,
5652.196,
9788.652,
14707.867,
2660.004,
2987.393,
3436.069,
2739.975,
1859.368,
4820.103999999999,
3144.739,
3066.89,
2267.496,
1859.643,
2424.443,
1860.0339999999999,
1859.9399999999998,
5924.25,
2423.68,
3752.377,
5807.021,
3632.002,
3239.436,
10239.875,
11363.592999999999,
7892.329,
5768.125,
3551.771,
6932.330999999999,
4408.403,
3707.529,
3320.3239999999996,
7544.311000000001,
5520.72,
1859.414,
2424.052,
12112.694,
4948.084,
3609.36,
9756.125,
9731.721,
2814.578,
3943.863,
6591.305,
7328.501,
7548.021000000001,
1860.748,
4431.972,
2268.839,
1859.731,
3143.0820000000003,
5259.557,
1860.313,
2503.377,
1861.189,
2912.0910000000003,
5923.695000000001,
3423.6589999999997,
3148.565,
1860.3,
4219.445000000001,
2663.4570000000003,
3423.513,
2988.5950000000003,
3580.9069999999997,
2504.247,
2267.98,
3475.5319999999997,
4260.117,
2871.6240000000003,
9384.404,
7091.758,
3903.794,
8944.528,
2503.867,
1859.054,
1859.9460000000001,
1859.882,
1859.966,
7763.446,
1859.931,
4824.691,
1859.5919999999999,
3068.482,
4404.232,
