873.713,
871.3539999999999,
811.0169999999999,
811.548,
811.8499999999999,
808.006,
810.972,
811.1709999999999,
811.264,
807.087,
811.3050000000001,
811.648,
810.881,
811.4390000000001,
811.626,
811.5409999999999,
811.633,
807.2629999999999,
807.437,
811.2570000000001,
807.727,
810.99,
815.064,
812.133,
811.335,
811.486,
811.703,
811.564,
811.1500000000001,
807.233,
811.468,
811.156,
811.702,
811.234,
807.543,
811.5219999999999,
811.607,
812.078,
808.134,
810.669,
811.615,
811.663,
811.2629999999999,
811.412,
813.712,
815.014,
815.0690000000001,
814.933,
811.469,
807.577,
815.0939999999999,
810.894,
811.5909999999999,
807.948,
811.37,
807.3639999999999,
811.8910000000001,
811.825,
808.106,
807.661,
815.112,
811.3580000000001,
811.706,
814.532,
811.235,
810.866,
810.6940000000001,
815.393,
810.878,
810.9699999999999,
810.929,
811.018,
815.034,
811.667,
814.608,
810.943,
811.198,
812.0690000000001,
811.7560000000001,
814.7710000000001,
814.739,
811.4780000000001,
806.952,
812.09,
811.984,
815.1310000000001,
811.3580000000001,
811.11,
814.586,
814.188,
814.739,
811.527,
811.703,
812.013,
814.9889999999999,
811.271,
811.412,
811.2620000000001,
807.083,
811.129,
811.3320000000001,
814.153,
811.275,
815.112,
811.746,
811.649,
814.437,
814.722,
811.8570000000001,
811.6170000000001,
811.5989999999999,
811.504,
811.114,
811.957,
807.5830000000001,
810.9739999999999,
811.647,
814.232,
807.954,
811.256,
814.932,
811.628,
807.5949999999999,
814.941,
815.029,
811.504,
811.431,
811.4409999999999,
811.508,
811.235,
807.748,
811.177,
814.977,
811.592,
808.232,
807.458,
806.957,
812.197,
810.406,
815.065,
811.301,
811.075,
808.132,
807.0540000000001,
811.3059999999999,
811.134,
811.341,
811.437,
811.809,
811.4209999999999,
810.789,
814.8570000000001,
807.013,
807.202,
814.7560000000001,
811.59,
814.774,
814.724,
811.275,
811.346,
812.018,
810.6719999999999,
807.978,
810.908,
811.1800000000001,
811.597,
811.481,
811.851,
811.452,
807.363,
815.4879999999999,
814.3399999999999,
810.772,
812.548,
810.995,
812.0659999999999,
807.119,
810.5830000000001,
813.44,
815.158,
814.8910000000001,
811.1239999999999,
813.692,
811.235,
811.505,
813.9830000000001,
815.1350000000001,
811.061,
815.0300000000001,
811.524,
811.68,
811.303,
812.409,
811.976,
814.9309999999999,
811.495,
811.754,
812.3639999999999,
811.087,
807.1310000000001,
814.9119999999999,
807.197,
811.971,
811.4409999999999,
811.567,
807.7299999999999,
814.924,
810.378,
811.369,
807.797,
810.754,
811.211,
811.226,
812.275,
812.246,
811.372,
807.908,
814.7919999999999,
811.494,
814.671,
811.0039999999999,
814.793,
815.52,
810.832,
811.283,
811.682,
812.705,
811.283,
814.654,
811.233,
814.547,
811.301,
811.242,
811.8389999999999,
810.971,
810.903,
810.986,
807.9380000000001,
811.8910000000001,
814.451,
811.071,
811.486,
811.446,
811.406,
811.6320000000001,
810.627,
810.98,
811.1669999999999,
815.3589999999999,
814.7560000000001,
811.45,
814.637,
811.705,
811.508,
811.001,
814.8530000000001,
811.471,
811.438,
811.145,
808.447,
811.647,
814.345,
814.744,
807.631,
811.1,
811.378,
811.486,
814.6020000000001,
811.015,
811.0540000000001,
815.193,
815.193,
811.5989999999999,
814.515,
811.766,
814.5360000000001,
811.7919999999999,
811.2819999999999,
811.014,
814.181,
811.0730000000001,
811.986,
814.4630000000001,
807.014,
812.432,
812.592,
811.7950000000001,
811.346,
810.951,
811.52,
811.881,
807.4639999999999,
811.883,
811.202,
807.1500000000001,
810.703,
807.4480000000001,
807.359,
815.067,
814.061,
812.437,
811.939,
815.046,
811.4259999999999,
815.526,
811.2289999999999,
815.307,
807.627,
807.476,
811.6139999999999,
811.3580000000001,
811.2470000000001,
814.685,
811.2909999999999,
814.8689999999999,
807.1519999999999,
810.98,
811.5120000000001,
815.17,
811.944,
811.629,
811.543,
811.6020000000001,
814.3489999999999,
811.622,
815.275,
811.605,
811.455,
810.803,
814.921,
811.419,
811.547,
807.646,
811.22,
815.077,
811.246,
811.2,
811.6790000000001,
815.0469999999999,
811.014,
814.984,
815.001,
815.494,
811.2080000000001,
815.184,
811.3620000000001,
807.217,
815.232,
810.149,
814.669,
814.448,
812.1310000000001,
814.468,
811.292,
811.7339999999999,
811.605,
811.207,
815.04,
811.713,
807.8109999999999,
811.658,
810.9110000000001,
811.491,
811.5759999999999,
811.625,
811.272,
810.501,
811.442,
814.415,
811.016,
812.0469999999999,
811.703,
811.4010000000001,
811.762,
811.025,
814.72,
811.025,
814.956,
811.298,
811.0659999999999,
811.624,
807.5609999999999,
811.624,
811.3620000000001,
811.843,
814.874,
811.097,
815.116,
815.087,
810.8389999999999,
811.119,
811.661,
811.8870000000001,
814.933,
814.998,
810.962,
814.933,
807.543,
810.828,
807.04,
815.279,
815.202,
814.846,
812.1310000000001,
811.269,
806.79,
814.5550000000001,
811.567,
811.879,
807.858,
814.414,
812.0469999999999,
810.901,
810.231,
811.409,
815.337,
810.5029999999999,
811.532,
811.703,
814.9,
810.999,
811.436,
812.258,
814.4090000000001,
815.117,
808.097,
807.538,
814.802,
814.7429999999999,
811.1819999999999,
815.005,
810.745,
811.233,
811.395,
807.422,
811.691,
811.226,
815.494,
807.2230000000001,
814.9490000000001,
810.471,
807.4689999999999,
815.033,
811.3679999999999,
811.9530000000001,
815.1350000000001,
814.501,
811.2040000000001,
811.389,
810.213,
811.755,
811.49,
811.301,
814.652,
815.1350000000001,
811.003,
815.095,
815.452,
808.136,
807.6959999999999,
810.4440000000001,
812.203,
815.514,
811.428,
814.3829999999999,
814.155,
815.554,
815.226,
811.1519999999999,
806.8340000000001,
811.828,
811.945,
811.804,
811.4749999999999,
811.468,
811.7180000000001,
811.548,
814.705,
807.2909999999999,
811.698,
811.634,
811.523,
811.329,
811.407,
807.481,
812.51,
814.345,
811.8570000000001,
811.554,
814.83,
811.196,
810.7520000000001,
811.373,
807.631,
815.4970000000001,
807.471,
811.129,
811.77,
811.7729999999999,
811.243,
811.7950000000001,
807.624,
807.29,
814.731,
811.4350000000001,
814.87,
814.925,
814.329,
814.885,
811.1890000000001,
814.994,
815.5949999999999,
811.5590000000001,
815.237,
811.4540000000001,
811.395,
811.293,
815.562,
807.787,
811.2510000000001,
814.923,
810.881,
816.025,
811.206,
810.958,
811.943,
814.819,
815.0600000000001,
807.6560000000001,
810.978,
815.297,
810.9730000000001,
807.5360000000001,
815.308,
807.898,
811.575,
807.079,
811.334,
812.163,
814.384,
814.663,
807.434,
814.568,
811.041,
811.373,
811.575,
814.041,
811.391,
811.234,
810.9699999999999,
811.28,
811.6940000000001,
811.333,
811.471,
811.613,
811.447,
811.603,
811.699,
812.376,
815.457,
811.012,
814.461,
813.832,
811.299,
811.732,
814.272,
810.965,
814.875,
811.238,
812.0849999999999,
811.627,
807.699,
811.334,
807.421,
815.099,
807.622,
811.627,
811.509,
811.726,
811.215,
814.359,
811.6600000000001,
815.44,
815.416,
811.601,
811.0619999999999,
815.102,
815.2669999999999,
814.663,
811.169,
814.998,
811.527,
807.802,
811.0659999999999,
807.13,
807.316,
811.121,
807.414,
811.1129999999999,
811.698,
812.081,
812.01,
811.447,
811.213,
811.87,
810.898,
811.928,
811.531,
811.09,
811.313,
815.5360000000001,
811.4820000000001,
811.486,
811.393,
811.7560000000001,
814.13,
811.449,
815.552,
807.477,
807.16,
814.4639999999999,
807.486,
815.005,
807.3789999999999,
807.624,
807.724,
814.744,
811.3679999999999,
811.582,
811.4,
811.7410000000001,
814.9309999999999,
811.3430000000001,
811.438,
811.843,
810.648,
811.461,
811.334,
815.162,
811.041,
811.337,
807.035,
811.3050000000001,
811.812,
811.816,
811.2239999999999,
814.809,
807.785,
814.826,
814.772,
815.005,
817.468,
811.375,
815.7189999999999,
811.037,
815.346,
811.995,
811.0889999999999,
810.1610000000001,
815.11,
811.473,
811.071,
810.8649999999999,
810.984,
810.91,
815.092,
808.252,
811.2700000000001,
811.53,
807.763,
807.172,
815.148,
811.1519999999999,
814.764,
812.058,
811.422,
811.847,
815.3280000000001,
814.903,
808.59,
811.2,
811.296,
807.282,
815.1239999999999,
811.8140000000001,
815.354,
811.74,
814.864,
810.837,
811.1129999999999,
815.524,
811.461,
815.039,
815.2270000000001,
814.4090000000001,
811.89,
812.038,
811.596,
811.176,
811.613,
815.241,
815.6139999999999,
811.065,
814.261,
814.7710000000001,
811.1129999999999,
807.474,
812.1899999999999,
814.604,
807.416,
811.179,
811.619,
814.314,
807.6790000000001,
807.885,
811.5609999999999,
807.899,
811.277,
811.3580000000001,
810.793,
811.412,
814.923,
811.4590000000001,
811.691,
810.9680000000001,
815.25,
811.74,
811.655,
812.2589999999999,
811.477,
815.5,
811.487,
815.241,
811.596,
814.16,
811.0509999999999,
814.99,
811.352,
807.024,
814.8760000000001,
810.984,
807.273,
815.486,
814.6750000000001,
811.9309999999999,
807.25,
810.4200000000001,
811.353,
814.8649999999999,
811.517,
810.62,
814.8140000000001,
814.532,
810.922,
807.485,
811.681,
811.367,
814.1610000000001,
811.2620000000001,
807.163,
811.289,
807.0690000000001,
806.995,
811.5649999999999,
811.261,
814.9739999999999,
811.875,
811.855,
811.4350000000001,
811.895,
811.904,
811.3829999999999,
815.2479999999999,
811.304,
811.395,
811.77,
807.5360000000001,
815.116,
807.0840000000001,
812.009,
814.908,
814.6790000000001,
812.172,
815.86,
811.339,
811.304,
811.092,
807.8349999999999,
807.106,
807.322,
811.601,
814.7330000000001,
811.226,
814.863,
807.517,
815.6210000000001,
811.142,
807.5980000000001,
811.736,
808.276,
811.376,
811.096,
811.481,
811.659,
807.5459999999999,
810.979,
811.962,
812.222,
811.271,
812.219,
811.0079999999999,
811.551,
811.661,
811.273,
815.11,
814.86,
814.688,
811.418,
810.99,
807.611,
812.404,
814.88,
811.695,
807.4970000000001,
811.1610000000001,
811.553,
807.628,
811.38,
811.304,
811.831,
810.6229999999999,
811.5649999999999,
811.4209999999999,
815.2420000000001,
814.706,
807.101,
810.92,
812.025,
811.404,
807.495,
811.6419999999999,
814.74,
815.584,
815.507,
814.92,
811.1080000000001,
811.315,
811.562,
815.149,
810.2700000000001,
807.606,
815.0110000000001,
811.079,
812.502,
811.585,
807.671,
811.277,
810.415,
811.4820000000001,
811.235,
814.785,
815.1389999999999,
811.071,
811.562,
807.868,
812.74,
807.849,
815.092,
808.046,
810.952,
811.976,
811.3430000000001,
812.129,
806.918,
814.744,
814.933,
810.5,
810.724,
812.2660000000001,
811.8570000000001,
812.1460000000001,
811.339,
814.973,
814.918,
811.7149999999999,
806.8570000000001,
815.001,
811.356,
811.954,
811.211,
811.806,
811.418,
812.371,
815.01,
811.8720000000001,
815.0500000000001,
814.861,
810.981,
810.647,
807.952,
811.654,
811.155,
810.904,
811.327,
811.577,
815.1089999999999,
811.0699999999999,
814.639,
807.651,
811.6229999999999,
811.188,
811.2810000000001,
807.84,
810.9459999999999,
811.192,
811.041,
814.8879999999999,
811.428,
811.403,
812.168,
811.158,
814.997,
807.892,
811.492,
811.1,
815.2199999999999,
811.1279999999999,
815.0319999999999,
811.429,
814.918,
814.921,
810.553,
807.51,
811.4639999999999,
811.588,
811.345,
814.769,
811.1930000000001,
806.5740000000001,
811.022,
811.225,
811.408,
811.4670000000001,
811.8109999999999,
811.41,
811.28,
811.279,
811.528,
807.573,
812.526,
812.2470000000001,
811.5830000000001,
810.1669999999999,
812.2909999999999,
811.457,
811.658,
814.56,
811.644,
808.264,
810.9060000000001,
806.727,
814.465,
814.41,
812.2049999999999,
807.169,
811.529,
807.894,
807.899,
811.5369999999999,
814.594,
814.486,
807.5870000000001,
811.917,
811.635,
814.483,
807.389,
808.0659999999999,
811.317,
810.818,
807.894,
812.1859999999999,
811.3820000000001,
811.284,
812.235,
807.864,
811.883,
811.457,
810.882,
811.216,
811.5830000000001,
811.046,
814.785,
814.8389999999999,
815.184,
811.163,
811.458,
807.902,
810.667,
811.209,
814.641,
807.6170000000001,
811.7560000000001,
810.9309999999999,
811.139,
808.384,
811.63,
815.203,
811.275,
807.6600000000001,
814.991,
814.77,
806.941,
811.939,
811.1030000000001,
811.524,
811.303,
811.539,
811.448,
811.44,
814.517,
811.083,
811.7370000000001,
811.818,
811.557,
808.162,
811.159,
811.312,
808.0690000000001,
814.7330000000001,
811.389,
810.969,
810.779,
806.533,
811.489,
810.905,
808.077,
807.0699999999999,
812.126,
811.789,
811.287,
811.9739999999999,
811.7370000000001,
807.4019999999999,
808.5790000000001,
811.485,
811.279,
811.392,
812.4409999999999,
814.329,
814.674,
812.331,
807.8140000000001,
815.307,
814.754,
812.107,
811.258,
812.2620000000001,
811.4409999999999,
811.231,
807.748,
811.353,
808.363,
812.697,
814.449,
811.747,
811.515,
811.184,
812.1850000000001,
810.44,
807.772,
812.35,
811.827,
814.605,
811.6719999999999,
811.308,
807.7729999999999,
811.551,
811.118,
814.566,
811.5989999999999,
811.523,
814.563,
814.9960000000001,
811.48,
811.71,
811.4390000000001,
811.153,
807.9159999999999,
811.4390000000001,
811.181,
811.2669999999999,
812.016,
811.662,
811.3249999999999,
811.644,
814.973,
810.942,
811.496,
815.219,
810.991,
808.156,
811.5909999999999,
814.505,
811.629,
807.481,
811.392,
811.813,
811.3209999999999,
811.1899999999999,
814.703,
811.433,
811.568,
807.303,
807.2139999999999,
811.92,
811.334,
811.299,
815.036,
814.757,
806.91,
807.395,
811.746,
807.246,
811.433,
806.864,
811.791,
811.483,
811.654,
812.122,
807.492,
807.253,
811.3770000000001,
814.649,
807.255,
811.17,
811.6759999999999,
811.539,
811.775,
814.345,
815.054,
810.8729999999999,
811.817,
814.948,
811.687,
811.449,
811.425,
810.971,
808.0899999999999,
814.385,
811.3399999999999,
811.1969999999999,
811.465,
814.851,
814.8030000000001,
814.852,
815.213,
811.4789999999999,
814.785,
810.991,
814.984,
815.1659999999999,
812.03,
813.0070000000001,
814.584,
807.034,
814.125,
815.2080000000001,
811.7579999999999,
811.366,
811.3820000000001,
812.0509999999999,
811.452,
810.936,
806.388,
811.504,
815.164,
807.359,
807.8100000000001,
811.3620000000001,
812.649,
811.213,
811.0659999999999,
811.122,
808.0,
807.63,
811.342,
811.0659999999999,
811.5799999999999,
811.096,
811.449,
812.361,
812.594,
811.212,
814.099,
811.836,
807.585,
811.7149999999999,
815.0849999999999,
811.735,
810.784,
811.137,
811.346,
811.283,
814.6949999999999,
811.606,
811.234,
814.086,
811.531,
814.712,
808.01,
811.613,
811.163,
815.035,
811.173,
810.744,
807.768,
810.604,
810.943,
814.772,
815.167,
811.279,
811.181,
811.509,
811.178,
811.74,
814.8910000000001,
814.619,
808.353,
812.1500000000001,
811.317,
811.3770000000001,
811.729,
811.359,
811.318,
807.034,
807.858,
811.53,
811.492,
814.768,
811.491,
812.065,
810.866,
814.37,
814.78,
807.6410000000001,
815.49,
811.179,
808.013,
811.29,
811.134,
812.613,
811.548,
811.199,
811.954,
811.317,
807.168,
811.586,
811.01,
815.114,
811.323,
814.808,
807.879,
807.805,
807.747,
811.4050000000001,
807.095,
811.62,
811.739,
811.462,
814.193,
806.779,
811.329,
812.51,
811.212,
811.535,
812.519,
811.29,
815.13,
811.78,
807.5250000000001,
811.424,
811.8760000000001,
814.392,
815.1850000000001,
810.933,
811.971,
815.08,
808.029,
810.8140000000001,
811.535,
811.0039999999999,
811.4350000000001,
814.659,
814.866,
811.551,
811.5649999999999,
811.806,
814.758,
811.588,
811.8649999999999,
811.0260000000001,
810.9499999999999,
811.766,
811.1129999999999,
815.0039999999999,
811.987,
811.745,
811.942,
811.215,
811.9849999999999,
807.528,
814.7189999999999,
812.4540000000001,
810.9,
808.135,
811.078,
811.1080000000001,
811.6560000000001,
811.237,
810.639,
807.068,
811.079,
811.596,
812.1469999999999,
814.607,
815.364,
811.2239999999999,
814.468,
814.88,
815.151,
814.726,
811.3249999999999,
814.55,
807.277,
813.8030000000001,
811.226,
808.702,
811.7090000000001,
814.326,
811.411,
810.966,
814.9830000000001,
811.696,
811.971,
810.6370000000001,
811.273,
807.705,
811.5400000000001,
811.432,
807.647,
811.515,
810.6560000000001,
807.063,
815.052,
815.529,
807.384,
811.293,
811.242,
811.415,
811.313,
814.9889999999999,
814.4670000000001,
811.531,
810.7990000000001,
812.015,
814.7429999999999,
812.043,
814.8140000000001,
807.397,
811.21,
815.133,
812.0500000000001,
812.516,
811.736,
815.072,
810.6999999999999,
811.487,
814.768,
807.823,
811.2289999999999,
807.935,
811.55,
811.0730000000001,
811.96,
811.17,
814.418,
808.079,
812.0110000000001,
811.543,
811.083,
807.331,
811.9150000000001,
811.514,
811.315,
807.163,
811.239,
811.557,
807.388,
814.663,
811.797,
811.301,
807.0070000000001,
811.701,
811.588,
811.763,
810.8109999999999,
811.1089999999999,
810.687,
811.914,
811.4050000000001,
810.775,
807.173,
811.919,
811.492,
814.474,
814.982,
812.37,
811.4780000000001,
811.588,
814.629,
814.397,
814.612,
811.029,
814.6569999999999,
815.3280000000001,
811.029,
807.59,
811.457,
811.337,
807.105,
807.7729999999999,
810.828,
811.174,
810.877,
810.867,
811.557,
810.652,
811.36,
807.8140000000001,
811.404,
811.558,
811.55,
815.123,
811.313,
807.691,
815.2420000000001,
810.669,
807.716,
807.4789999999999,
811.798,
807.163,
811.584,
810.948,
814.327,
811.5,
807.2439999999999,
810.988,
811.234,
808.5179999999999,
814.692,
812.2660000000001,
808.6320000000001,
811.658,
815.489,
811.5740000000001,
811.111,
811.145,
811.477,
814.971,
811.494,
810.9269999999999,
815.116,
814.8149999999999,
811.703,
814.6510000000001,
815.231,
807.609,
814.915,
814.826,
807.2669999999999,
811.604,
811.569,
809.015,
811.1899999999999,
811.79,
811.237,
815.677,
811.2570000000001,
811.4010000000001,
808.21,
810.563,
812.723,
811.32,
806.468,
807.609,
811.483,
811.7919999999999,
814.687,
811.84,
810.616,
815.137,
815.0,
812.0889999999999,
811.1669999999999,
807.298,
811.621,
811.495,
807.002,
812.118,
807.923,
811.374,
814.77,
810.928,
812.385,
814.6,
814.604,
814.9060000000001,
815.2470000000001,
811.356,
811.453,
815.153,
815.001,
807.851,
815.191,
811.4970000000001,
811.581,
811.538,
811.682,
811.74,
815.068,
811.0600000000001,
807.798,
814.8499999999999,
814.493,
811.158,
814.589,
815.0300000000001,
812.686,
811.4350000000001,
811.206,
808.228,
812.1650000000001,
811.179,
811.403,
814.76,
811.2909999999999,
811.543,
811.5369999999999,
811.1500000000001,
812.696,
808.059,
811.57,
807.908,
811.554,
811.6370000000001,
806.9309999999999,
811.4599999999999,
811.584,
814.197,
811.298,
811.493,
810.384,
811.76,
810.716,
806.9929999999999,
814.584,
811.788,
811.307,
811.684,
811.009,
812.1310000000001,
811.395,
814.608,
815.1899999999999,
807.5,
806.588,
811.9920000000001,
811.847,
812.237,
811.288,
811.449,
811.4259999999999,
807.651,
811.083,
810.6940000000001,
811.524,
814.56,
812.177,
811.9499999999999,
807.157,
811.005,
811.571,
810.686,
808.0580000000001,
811.177,
811.469,
811.4879999999999,
807.083,
812.307,
811.547,
811.472,
812.648,
811.419,
815.053,
814.3629999999999,
811.21,
811.145,
807.006,
811.907,
806.9699999999999,
808.141,
811.88,
811.613,
808.013,
811.8100000000001,
811.701,
811.53,
812.641,
814.696,
811.5120000000001,
807.6790000000001,
810.9110000000001,
812.0319999999999,
814.411,
811.5830000000001,
814.932,
806.8199999999999,
814.973,
811.542,
814.805,
811.215,
814.323,
811.3050000000001,
815.3470000000001,
814.9309999999999,
811.299,
807.337,
811.501,
811.039,
814.022,
812.994,
807.995,
814.2660000000001,
811.436,
815.353,
811.477,
815.138,
811.271,
811.4209999999999,
811.23,
814.855,
811.7560000000001,
807.793,
810.819,
807.765,
811.28,
811.065,
808.014,
807.9530000000001,
811.8760000000001,
812.578,
811.296,
811.7729999999999,
811.144,
812.0110000000001,
815.014,
811.767,
811.1279999999999,
807.091,
807.6790000000001,
811.902,
810.986,
811.573,
810.976,
814.6790000000001,
814.7560000000001,
811.2139999999999,
811.225,
811.5360000000001,
807.717,
814.685,
814.6560000000001,
807.5440000000001,
811.31,
815.1650000000001,
807.702,
811.662,
812.288,
814.8870000000001,
806.946,
811.151,
812.151,
815.112,
807.4409999999999,
811.168,
811.526,
811.7339999999999,
811.74,
811.91,
810.7299999999999,
814.494,
811.5400000000001,
810.969,
811.3399999999999,
811.5029999999999,
811.326,
814.943,
811.772,
814.65,
810.8100000000001,
806.858,
811.77,
811.068,
814.7529999999999,
811.3580000000001,
811.411,
811.359,
811.041,
811.894,
814.78,
807.8100000000001,
814.788,
811.831,
814.619,
811.71,
812.346,
811.213,
811.481,
810.764,
814.879,
811.387,
807.22,
811.3399999999999,
811.552,
811.5459999999999,
811.157,
811.326,
814.759,
811.056,
814.7919999999999,
807.228,
811.1969999999999,
811.671,
811.424,
810.755,
807.981,
811.422,
811.356,
811.7220000000001,
811.61,
811.666,
810.842,
811.751,
814.585,
811.836,
810.978,
811.099,
814.677,
810.964,
811.286,
812.03,
811.249,
811.53,
807.898,
811.9380000000001,
811.3320000000001,
811.217,
811.535,
811.8530000000001,
811.474,
814.6759999999999,
811.511,
814.687,
807.299,
815.064,
811.252,
811.4670000000001,
811.631,
811.396,
806.9960000000001,
814.698,
814.8689999999999,
811.9490000000001,
811.246,
811.8140000000001,
811.179,
811.136,
807.363,
810.6560000000001,
814.611,
814.493,
811.494,
811.384,
811.634,
807.222,
807.3939999999999,
814.622,
814.64,
811.388,
807.924,
815.126,
814.832,
811.134,
807.509,
811.804,
815.542,
811.303,
807.027,
811.78,
807.507,
811.731,
811.515,
815.313,
812.298,
807.498,
814.322,
811.413,
812.704,
814.994,
811.415,
814.6139999999999,
811.954,
807.818,
811.762,
814.6640000000001,
815.342,
811.316,
811.351,
806.7560000000001,
810.4780000000001,
811.48,
814.5550000000001,
811.505,
811.241,
812.11,
810.859,
811.515,
812.228,
807.476,
811.801,
811.6560000000001,
815.1800000000001,
807.781,
811.726,
811.413,
811.566,
814.662,
811.516,
810.957,
810.9459999999999,
812.075,
811.7579999999999,
811.684,
814.7489999999999,
814.71,
811.168,
811.543,
808.022,
811.6569999999999,
811.202,
812.145,
807.136,
811.399,
811.26,
807.135,
811.366,
807.369,
811.5830000000001,
815.2009999999999,
814.714,
815.177,
810.975,
811.446,
811.221,
807.729,
814.4200000000001,
811.0450000000001,
811.2819999999999,
814.812,
814.843,
811.394,
807.2850000000001,
810.8919999999999,
811.7330000000001,
811.096,
811.9159999999999,
811.4590000000001,
814.947,
811.805,
811.641,
808.4789999999999,
810.886,
809.126,
811.151,
814.826,
815.018,
815.4559999999999,
813.041,
814.3399999999999,
815.198,
811.6560000000001,
812.775,
811.6170000000001,
815.1310000000001,
814.583,
809.4749999999999,
811.918,
815.725,
815.465,
812.213,
812.5830000000001,
815.2230000000001,
814.6229999999999,
814.184,
811.939,
814.754,
814.4820000000001,
811.7529999999999,
816.093,
814.928,
807.4630000000001,
815.776,
811.511,
811.976,
815.215,
814.385,
815.105,
811.245,
811.293,
812.209,
814.995,
815.7860000000001,
810.3789999999999,
812.1089999999999,
815.162,
815.392,
810.279,
815.422,
811.374,
814.504,
812.056,
815.481,
815.136,
814.9490000000001,
815.2049999999999,
807.486,
815.577,
813.594,
814.947,
815.074,
811.863,
812.1859999999999,
811.331,
815.575,
815.712,
814.655,
814.5949999999999,
815.197,
812.235,
813.813,
815.2439999999999,
811.757,
807.6170000000001,
811.5210000000001,
807.523,
811.28,
811.381,
815.019,
815.1850000000001,
810.577,
815.1899999999999,
811.241,
815.043,
815.462,
814.406,
813.925,
816.254,
816.064,
814.774,
807.4599999999999,
814.9530000000001,
807.794,
814.6510000000001,
815.086,
810.981,
807.6759999999999,
815.425,
812.002,
811.355,
810.823,
812.704,
815.207,
812.155,
815.447,
812.191,
811.428,
815.1890000000001,
815.269,
814.654,
815.276,
814.25,
811.447,
814.6640000000001,
815.2230000000001,
815.6510000000001,
812.649,
811.2589999999999,
814.133,
813.148,
814.78,
815.501,
811.864,
811.279,
810.754,
815.1460000000001,
814.4350000000001,
815.293,
814.465,
810.827,
814.4050000000001,
812.2909999999999,
815.582,
810.434,
814.57,
814.979,
814.8199999999999,
814.784,
815.775,
815.314,
807.451,
812.5369999999999,
811.4970000000001,
815.2230000000001,
807.289,
811.789,
814.065,
811.7339999999999,
815.2660000000001,
811.3620000000001,
811.453,
815.885,
815.182,
815.65,
815.33,
810.652,
815.237,
811.596,
807.596,
815.609,
813.427,
815.576,
814.9739999999999,
807.3240000000001,
811.691,
812.086,
811.033,
811.484,
811.712,
811.222,
813.239,
811.9889999999999,
811.888,
808.635,
814.969,
810.855,
812.053,
811.117,
815.319,
815.304,
815.693,
811.812,
815.138,
814.396,
815.039,
812.1270000000001,
814.299,
811.782,
811.0500000000001,
811.243,
815.6210000000001,
814.826,
814.571,
815.253,
811.3860000000001,
811.649,
811.57,
815.506,
811.1519999999999,
811.342,
815.4590000000001,
815.4010000000001,
811.446,
813.432,
815.416,
811.106,
814.7489999999999,
811.545,
812.494,
810.429,
815.226,
811.126,
811.824,
814.423,
814.542,
813.607,
814.762,
814.711,
807.947,
814.534,
810.644,
812.023,
810.779,
812.564,
811.634,
815.233,
815.826,
814.84,
814.169,
815.26,
815.429,
814.552,
807.4970000000001,
815.106,
815.538,
810.822,
813.517,
815.101,
811.23,
814.487,
811.48,
814.728,
814.1279999999999,
811.0619999999999,
815.494,
815.2660000000001,
811.4050000000001,
814.125,
812.198,
815.12,
815.232,
813.216,
815.235,
812.221,
814.926,
814.652,
815.258,
814.932,
814.7299999999999,
812.4440000000001,
814.352,
814.499,
814.746,
811.043,
815.563,
811.116,
811.133,
815.838,
809.286,
811.956,
813.732,
814.608,
811.886,
812.87,
814.846,
815.057,
811.937,
814.6060000000001,
807.61,
815.561,
814.5400000000001,
811.483,
815.0880000000001,
815.397,
813.483,
811.316,
813.024,
810.882,
811.86,
812.3979999999999,
811.5210000000001,
814.905,
815.2420000000001,
811.318,
815.4350000000001,
814.494,
811.7529999999999,
815.4050000000001,
810.941,
814.999,
815.476,
815.39,
814.509,
815.274,
810.8919999999999,
814.326,
806.8910000000001,
810.3679999999999,
814.995,
814.759,
811.218,
813.991,
814.813,
812.5459999999999,
815.197,
811.531,
812.5029999999999,
811.012,
813.4780000000001,
815.2270000000001,
811.7529999999999,
815.416,
811.241,
811.647,
814.6759999999999,
811.207,
814.812,
815.433,
815.476,
811.52,
811.55,
811.268,
815.304,
814.6,
814.819,
815.2470000000001,
815.111,
814.88,
811.4209999999999,
812.1239999999999,
815.758,
813.438,
811.9530000000001,
814.633,
815.5210000000001,
808.603,
815.419,
815.7410000000001,
814.6600000000001,
811.12,
814.5550000000001,
810.493,
815.1899999999999,
814.235,
815.091,
811.665,
815.2420000000001,
814.8149999999999,
815.057,
811.785,
814.448,
815.1890000000001,
815.4820000000001,
811.428,
814.159,
815.1859999999999,
811.567,
812.981,
812.825,
815.473,
811.411,
814.083,
815.515,
807.785,
810.8499999999999,
815.0600000000001,
815.684,
812.245,
815.6510000000001,
814.6759999999999,
809.858,
810.6,
813.62,
815.203,
815.303,
815.019,
811.396,
815.142,
811.884,
814.837,
806.892,
814.557,
810.613,
811.8969999999999,
811.4200000000001,
814.9119999999999,
811.603,
813.627,
811.881,
815.335,
811.975,
815.743,
811.528,
809.875,
814.712,
815.079,
810.9060000000001,
810.939,
810.858,
815.6790000000001,
814.764,
814.302,
810.148,
815.6790000000001,
814.4010000000001,
815.3470000000001,
812.385,
815.136,
811.1669999999999,
811.268,
815.0840000000001,
811.499,
808.188,
812.076,
815.1270000000001,
815.107,
812.699,
815.481,
815.197,
811.116,
809.376,
815.685,
815.813,
815.177,
812.545,
815.181,
810.819,
812.077,
813.072,
807.688,
814.433,
814.999,
814.4970000000001,
814.96,
811.4010000000001,
810.0540000000001,
815.097,
815.669,
815.178,
810.596,
811.083,
815.446,
815.167,
812.77,
814.791,
811.4440000000001,
814.5740000000001,
809.093,
814.183,
814.095,
811.3629999999999,
814.745,
809.844,
812.492,
815.47,
814.879,
811.746,
811.4780000000001,
815.473,
814.923,
811.057,
815.4350000000001,
812.62,
811.25,
811.192,
815.02,
815.634,
814.919,
811.901,
812.24,
812.631,
815.5360000000001,
815.631,
806.327,
815.351,
814.5029999999999,
811.6640000000001,
815.065,
815.288,
814.569,
815.4540000000001,
815.0690000000001,
813.4789999999999,
815.901,
811.427,
814.4200000000001,
815.592,
814.883,
812.0600000000001,
815.592,
815.613,
815.831,
810.237,
810.851,
815.415,
812.16,
815.451,
812.0659999999999,
811.203,
811.659,
815.12,
815.757,
812.029,
815.2289999999999,
808.864,
816.0150000000001,
811.581,
815.698,
807.7769999999999,
811.246,
815.202,
814.809,
811.581,
815.451,
812.457,
815.4709999999999,
815.572,
812.689,
814.6210000000001,
815.413,
815.153,
815.1899999999999,
815.311,
815.526,
813.608,
811.0450000000001,
810.827,
810.769,
811.635,
814.817,
807.41,
815.1650000000001,
813.8760000000001,
815.903,
815.367,
815.111,
806.693,
815.1500000000001,
814.727,
815.578,
815.162,
814.907,
812.2230000000001,
814.809,
815.078,
811.1310000000001,
811.859,
815.727,
808.558,
814.219,
810.235,
815.581,
815.413,
815.665,
808.301,
813.661,
812.082,
815.3430000000001,
812.0039999999999,
807.866,
813.7529999999999,
815.517,
814.4240000000001,
815.068,
808.255,
811.978,
814.5799999999999,
807.671,
808.195,
813.5740000000001,
814.722,
815.126,
815.0619999999999,
815.083,
814.342,
815.025,
815.655,
815.725,
812.327,
814.9459999999999,
814.963,
810.5,
811.926,
811.134,
813.603,
815.1429999999999,
814.299,
811.4639999999999,
814.654,
815.372,
813.1239999999999,
811.261,
811.134,
813.311,
815.76,
815.407,
815.808,
815.341,
814.903,
815.31,
811.7560000000001,
815.3770000000001,
812.09,
811.55,
811.689,
815.025,
815.583,
814.301,
814.9739999999999,
815.1800000000001,
813.649,
814.6600000000001,
814.86,
815.79,
814.7370000000001,
815.759,
815.395,
807.3620000000001,
812.527,
814.868,
814.928,
813.357,
815.192,
810.768,
815.039,
814.655,
811.962,
811.1080000000001,
814.6210000000001,
812.742,
814.913,
812.808,
808.747,
814.5329999999999,
815.849,
815.8570000000001,
814.895,
815.6600000000001,
811.427,
815.236,
814.871,
815.64,
815.4820000000001,
812.759,
814.4639999999999,
811.6419999999999,
815.914,
814.72,
815.4559999999999,
811.126,
810.2629999999999,
813.841,
811.396,
815.172,
814.436,
814.898,
815.705,
811.0889999999999,
811.879,
815.1429999999999,
807.2289999999999,
815.7379999999999,
811.0469999999999,
815.086,
811.273,
814.824,
815.0730000000001,
811.41,
815.0939999999999,
814.863,
814.8030000000001,
815.151,
810.9340000000001,
814.449,
814.62,
811.663,
816.053,
811.8570000000001,
808.442,
811.314,
811.255,
811.484,
812.063,
810.432,
811.034,
815.2040000000001,
815.2669999999999,
814.371,
815.055,
815.1469999999999,
810.5980000000001,
811.265,
808.631,
810.818,
810.866,
814.338,
815.078,
810.732,
815.1500000000001,
811.9309999999999,
812.092,
811.394,
812.352,
811.188,
814.867,
811.736,
813.504,
815.778,
811.636,
815.3470000000001,
814.778,
811.51,
810.515,
815.095,
815.335,
816.277,
812.628,
811.806,
815.543,
814.978,
815.0260000000001,
807.106,
811.5980000000001,
815.607,
815.133,
813.769,
807.273,
815.0269999999999,
815.0889999999999,
812.7220000000001,
811.354,
811.695,
810.728,
815.199,
815.91,
815.947,
814.041,
814.901,
814.403,
815.649,
807.523,
811.329,
814.962,
811.025,
813.879,
811.506,
815.029,
815.449,
808.184,
811.4670000000001,
811.235,
814.732,
815.097,
814.338,
814.895,
814.731,
814.691,
814.84,
811.327,
815.268,
814.914,
810.4019999999999,
816.059,
811.615,
816.076,
814.954,
814.936,
810.817,
814.831,
807.271,
815.034,
811.516,
815.3359999999999,
810.3900000000001,
811.304,
811.548,
813.2470000000001,
814.92,
810.5329999999999,
814.207,
810.407,
815.021,
814.564,
811.009,
812.196,
815.7090000000001,
815.091,
815.3629999999999,
810.226,
814.597,
814.447,
812.016,
815.515,
815.078,
807.179,
811.728,
814.277,
811.8919999999999,
815.052,
814.975,
811.589,
811.727,
813.655,
808.078,
814.775,
814.179,
815.097,
815.269,
815.739,
814.765,
814.2479999999999,
807.7370000000001,
814.403,
815.025,
812.213,
812.4970000000001,
811.572,
813.744,
815.331,
814.397,
814.982,
807.351,
811.241,
814.8649999999999,
814.5179999999999,
815.284,
815.16,
815.273,
815.1850000000001,
815.183,
815.167,
807.739,
810.539,
812.148,
815.123,
814.576,
808.022,
815.673,
815.031,
808.877,
811.361,
811.728,
815.097,
807.843,
815.202,
815.9060000000001,
815.072,
812.087,
815.0079999999999,
807.415,
814.662,
809.765,
811.2620000000001,
811.513,
815.0169999999999,
814.604,
811.5649999999999,
815.364,
811.62,
812.3789999999999,
810.826,
811.609,
815.5590000000001,
814.826,
811.483,
815.374,
813.024,
814.922,
815.519,
814.118,
815.4259999999999,
811.6510000000001,
807.465,
811.721,
815.622,
815.2439999999999,
815.8870000000001,
814.0,
811.847,
814.932,
812.729,
814.858,
811.6679999999999,
815.0300000000001,
815.727,
815.1709999999999,
811.613,
808.408,
810.622,
815.412,
811.5830000000001,
811.7220000000001,
815.226,
811.286,
811.081,
815.5360000000001,
814.958,
815.2199999999999,
812.287,
812.086,
808.29,
813.704,
807.507,
811.4010000000001,
811.0039999999999,
811.619,
815.095,
815.5409999999999,
811.175,
815.1859999999999,
810.832,
815.0450000000001,
815.6569999999999,
814.56,
815.239,
813.172,
811.086,
811.212,
815.686,
814.477,
811.265,
812.198,
814.2620000000001,
814.659,
815.731,
810.7879999999999,
815.265,
814.9830000000001,
815.437,
814.804,
814.928,
811.5989999999999,
810.461,
814.353,
812.024,
815.2,
815.156,
814.7919999999999,
811.1610000000001,
815.063,
815.1,
815.775,
815.8149999999999,
811.984,
816.294,
815.784,
814.7520000000001,
810.271,
810.5759999999999,
814.985,
812.5,
815.221,
815.472,
811.176,
815.4709999999999,
810.928,
814.619,
815.2810000000001,
811.5740000000001,
810.747,
808.588,
811.194,
815.851,
811.21,
810.831,
812.1310000000001,
814.957,
815.092,
811.072,
811.4449999999999,
812.025,
814.784,
811.558,
815.233,
815.37,
815.755,
815.74,
815.784,
811.925,
807.875,
815.333,
813.966,
807.994,
813.9680000000001,
810.6139999999999,
814.926,
814.864,
814.4409999999999,
815.157,
807.793,
814.298,
815.307,
813.881,
815.446,
811.571,
811.141,
812.221,
815.1279999999999,
811.5219999999999,
811.4350000000001,
813.255,
814.5740000000001,
811.056,
810.641,
811.827,
815.692,
812.179,
810.38,
815.303,
815.0469999999999,
815.4599999999999,
811.5989999999999,
814.879,
815.711,
815.553,
815.773,
815.501,
811.586,
811.5409999999999,
811.331,
811.4559999999999,
812.175,
814.637,
815.554,
809.802,
814.626,
815.295,
815.0619999999999,
808.092,
815.548,
811.8100000000001,
816.023,
815.102,
811.058,
815.148,
806.366,
811.493,
815.159,
814.689,
811.8539999999999,
807.917,
814.729,
815.669,
814.948,
815.3620000000001,
812.564,
815.701,
811.2049999999999,
815.832,
814.79,
816.0319999999999,
815.77,
811.745,
814.828,
815.261,
814.877,
815.276,
815.076,
815.0169999999999,
811.626,
814.631,
815.881,
811.587,
815.766,
815.2629999999999,
810.91,
815.538,
814.184,
813.8570000000001,
810.3399999999999,
815.105,
814.373,
814.789,
811.329,
814.8389999999999,
810.9830000000001,
815.216,
814.153,
814.232,
814.033,
810.667,
811.535,
811.9920000000001,
813.0260000000001,
813.8480000000001,
811.83,
813.9499999999999,
815.255,
814.7959999999999,
813.684,
811.407,
814.92,
814.576,
816.003,
815.576,
815.077,
815.649,
810.787,
814.98,
815.5409999999999,
815.121,
806.729,
811.502,
814.805,
811.7760000000001,
814.9739999999999,
815.388,
814.63,
811.652,
815.601,
811.316,
811.4639999999999,
811.424,
815.329,
811.5799999999999,
814.448,
815.442,
812.1,
808.163,
812.04,
811.62,
811.485,
811.587,
816.02,
815.111,
811.778,
815.0840000000001,
815.309,
814.987,
814.9110000000001,
807.428,
814.433,
814.5029999999999,
812.952,
815.387,
814.134,
815.1089999999999,
815.061,
815.367,
811.093,
815.852,
808.319,
811.697,
815.702,
811.8610000000001,
811.572,
814.843,
814.702,
811.6600000000001,
814.596,
814.486,
815.492,
814.387,
811.742,
815.397,
815.0500000000001,
815.303,
814.861,
814.561,
811.84,
814.864,
815.372,
811.0840000000001,
812.192,
815.064,
811.601,
813.939,
815.39,
812.093,
812.038,
815.01,
814.288,
815.6569999999999,
814.5440000000001,
815.794,
811.976,
814.4639999999999,
810.944,
807.299,
811.596,
815.152,
815.76,
815.241,
815.31,
815.7529999999999,
815.297,
815.4709999999999,
814.988,
814.355,
811.1610000000001,
811.699,
815.289,
811.735,
811.895,
815.3280000000001,
811.431,
811.3430000000001,
812.822,
811.548,
815.178,
815.1080000000001,
815.553,
815.049,
811.781,
811.801,
814.836,
814.797,
815.2850000000001,
814.956,
812.079,
815.592,
810.645,
815.376,
814.056,
814.049,
813.659,
811.685,
814.958,
811.852,
815.264,
810.2,
815.327,
814.9960000000001,
815.739,
815.0039999999999,
814.861,
815.499,
810.217,
815.1350000000001,
814.506,
811.626,
814.707,
815.677,
815.006,
814.684,
814.361,
811.655,
815.216,
811.5029999999999,
814.896,
814.414,
807.8689999999999,
815.268,
815.277,
811.944,
815.546,
815.164,
815.1500000000001,
815.808,
815.075,
814.929,
810.9680000000001,
811.063,
807.842,
807.268,
814.56,
814.511,
811.092,
812.6370000000001,
815.268,
809.23,
815.121,
815.221,
811.98,
815.0659999999999,
814.896,
816.378,
811.249,
815.592,
814.797,
814.422,
811.232,
815.4259999999999,
815.576,
811.075,
808.4440000000001,
815.246,
814.219,
813.8729999999999,
815.64,
813.687,
811.703,
814.856,
814.33,
814.7919999999999,
815.231,
811.3209999999999,
810.509,
815.082,
815.295,
808.194,
815.126,
815.5949999999999,
811.783,
812.625,
815.317,
814.058,
815.104,
811.9309999999999,
806.5120000000001,
810.283,
814.7180000000001,
812.961,
815.0840000000001,
814.926,
811.594,
815.5210000000001,
812.2819999999999,
811.914,
815.0450000000001,
814.7370000000001,
815.096,
815.8530000000001,
810.86,
810.348,
814.2479999999999,
815.098,
815.153,
807.6659999999999,
815.472,
815.314,
815.125,
814.805,
815.3820000000001,
810.603,
814.6640000000001,
814.762,
814.033,
815.025,
813.444,
815.353,
815.218,
811.063,
812.207,
815.151,
814.357,
816.083,
815.141,
814.8870000000001,
812.3820000000001,
814.701,
815.564,
815.739,
815.626,
811.318,
811.856,
814.9459999999999,
811.513,
811.852,
811.145,
815.431,
814.915,
815.429,
815.8180000000001,
814.855,
815.904,
812.0690000000001,
815.099,
815.836,
815.272,
815.649,
811.724,
815.924,
815.558,
814.092,
811.7330000000001,
815.125,
812.6560000000001,
815.149,
814.16,
811.725,
814.759,
815.8140000000001,
814.491,
807.7769999999999,
811.7729999999999,
811.751,
811.096,
814.917,
815.371,
811.09,
807.114,
811.826,
811.647,
807.925,
811.788,
814.89,
815.4259999999999,
815.101,
811.002,
811.442,
811.234,
815.875,
811.37,
811.323,
810.659,
815.121,
811.323,
814.323,
815.167,
816.302,
813.658,
815.288,
815.055,
809.569,
815.528,
815.587,
813.959,
813.197,
811.44,
814.273,
811.24,
814.295,
813.84,
815.353,
815.511,
811.3829999999999,
812.886,
815.4970000000001,
812.581,
815.123,
814.5400000000001,
810.085,
810.6529999999999,
815.072,
814.613,
811.3580000000001,
814.342,
811.978,
815.693,
814.772,
811.299,
815.221,
809.4749999999999,
814.918,
814.712,
813.773,
811.2850000000001,
813.645,
814.944,
814.986,
815.578,
815.476,
811.198,
810.462,
811.288,
811.788,
814.3359999999999,
811.416,
814.501,
808.721,
815.5210000000001,
815.2479999999999,
812.027,
815.966,
814.394,
815.348,
811.304,
811.689,
811.1930000000001,
814.826,
815.62,
815.1350000000001,
811.327,
811.837,
810.76,
815.301,
811.783,
815.553,
814.578,
815.298,
814.923,
810.878,
807.567,
810.661,
813.868,
809.5360000000001,
815.914,
815.6099999999999,
815.6379999999999,
815.3860000000001,
814.914,
815.59,
811.4350000000001,
814.697,
814.3430000000001,
815.3470000000001,
811.678,
811.0509999999999,
813.255,
814.684,
815.17,
814.6099999999999,
815.078,
812.0880000000001,
815.075,
815.311,
814.2080000000001,
815.1469999999999,
814.994,
815.448,
811.765,
814.1,
814.8969999999999,
816.3399999999999,
815.159,
815.5210000000001,
811.597,
811.6,
811.691,
815.039,
814.793,
815.222,
811.6569999999999,
811.889,
815.245,
809.59,
815.563,
815.5179999999999,
814.823,
810.7760000000001,
813.716,
811.696,
814.671,
811.9300000000001,
814.604,
815.0880000000001,
816.037,
814.59,
814.703,
815.157,
808.616,
815.194,
811.524,
815.16,
815.515,
814.545,
815.877,
810.904,
811.894,
812.55,
814.9459999999999,
811.6569999999999,
815.149,
815.035,
808.411,
814.568,
814.94,
808.037,
813.991,
814.4200000000001,
814.4449999999999,
811.091,
815.434,
815.452,
810.851,
815.086,
812.581,
815.399,
811.666,
811.264,
815.188,
815.0730000000001,
807.76,
811.1310000000001,
812.468,
813.696,
811.217,
811.417,
815.234,
807.496,
811.331,
807.107,
807.275,
815.545,
815.122,
815.38,
808.647,
815.188,
814.327,
811.0889999999999,
815.4409999999999,
815.937,
811.711,
811.4209999999999,
815.4540000000001,
815.218,
812.23,
815.194,
814.392,
815.4010000000001,
807.092,
811.757,
809.7879999999999,
811.567,
815.841,
814.6719999999999,
814.079,
815.55,
814.991,
815.0,
814.812,
811.9739999999999,
811.123,
816.197,
811.9889999999999,
810.886,
815.292,
811.216,
815.6360000000001,
815.659,
811.466,
815.13,
815.12,
815.23,
815.009,
815.6719999999999,
812.006,
814.794,
815.5590000000001,
812.1,
813.721,
815.195,
810.5,
815.707,
812.327,
815.2589999999999,
808.0699999999999,
811.9549999999999,
807.329,
815.169,
814.964,
812.2439999999999,
815.817,
811.547,
814.972,
814.72,
815.183,
812.01,
811.801,
810.78,
815.237,
815.6210000000001,
815.4789999999999,
815.117,
814.658,
815.258,
809.647,
815.072,
814.8870000000001,
815.2,
815.236,
815.392,
814.8879999999999,
815.824,
814.62,
815.494,
808.517,
814.6750000000001,
815.55,
811.5459999999999,
812.984,
811.447,
813.963,
807.8530000000001,
814.875,
815.02,
811.1819999999999,
815.925,
815.804,
811.9,
814.2270000000001,
811.4780000000001,
807.575,
812.71,
815.71,
811.9920000000001,
811.2139999999999,
816.577,
811.104,
814.496,
811.203,
811.7990000000001,
811.376,
815.369,
814.624,
815.767,
812.178,
810.856,
815.437,
815.1129999999999,
811.689,
811.575,
815.192,
814.235,
815.202,
815.5790000000001,
815.5369999999999,
814.736,
815.4630000000001,
814.684,
814.937,
810.858,
810.957,
811.511,
815.156,
815.145,
807.425,
812.056,
812.59,
815.252,
811.059,
815.099,
814.826,
811.4540000000001,
811.782,
810.006,
815.152,
814.195,
816.273,
815.252,
815.345,
815.035,
814.557,
815.054,
811.1859999999999,
811.9459999999999,
814.687,
814.059,
815.492,
812.562,
808.298,
814.79,
810.626,
811.798,
815.619,
815.3399999999999,
814.778,
815.666,
808.115,
815.381,
811.893,
815.0300000000001,
815.1239999999999,
814.838,
814.995,
811.4789999999999,
815.7299999999999,
816.293,
815.2589999999999,
815.5740000000001,
811.28,
812.116,
815.198,
807.3209999999999,
812.4259999999999,
814.191,
814.036,
815.71,
814.5559999999999,
813.553,
811.2850000000001,
811.607,
810.836,
815.428,
814.122,
815.801,
814.6569999999999,
815.462,
814.9929999999999,
815.6179999999999,
812.195,
814.17,
815.3470000000001,
814.297,
812.071,
814.669,
808.494,
812.3620000000001,
811.616,
814.433,
806.4670000000001,
810.889,
811.476,
811.616,
815.633,
811.168,
815.6,
815.151,
815.322,
815.168,
807.9300000000001,
811.451,
815.44,
811.041,
814.9300000000001,
815.225,
814.52,
811.486,
812.495,
814.142,
814.8729999999999,
814.932,
815.299,
815.3770000000001,
814.8480000000001,
811.3829999999999,
814.89,
814.8140000000001,
812.59,
812.129,
814.858,
814.697,
815.824,
815.222,
813.082,
815.272,
815.252,
815.644,
807.4200000000001,
811.237,
809.957,
811.346,
807.468,
811.9150000000001,
811.1819999999999,
815.5360000000001,
811.286,
815.768,
811.378,
811.963,
815.434,
807.655,
811.957,
814.742,
813.8539999999999,
815.13,
814.622,
808.1429999999999,
814.6320000000001,
815.164,
812.404,
814.9830000000001,
814.867,
815.707,
815.724,
815.114,
814.952,
815.1659999999999,
812.529,
815.746,
815.196,
815.08,
815.348,
814.5790000000001,
815.294,
814.7919999999999,
814.918,
811.2289999999999,
811.466,
814.754,
814.8910000000001,
815.348,
815.068,
811.4630000000001,
815.295,
815.123,
815.144,
815.6419999999999,
815.626,
815.3979999999999,
814.578,
815.29,
815.221,
815.665,
814.1659999999999,
815.51,
811.08,
814.805,
810.6020000000001,
814.959,
815.481,
811.509,
815.502,
814.615,
815.1500000000001,
815.2049999999999,
814.955,
811.431,
815.145,
815.228,
810.77,
815.118,
811.3320000000001,
810.978,
814.822,
814.821,
810.8290000000001,
814.567,
815.1350000000001,
815.457,
810.612,
815.3280000000001,
807.628,
811.613,
810.029,
814.2669999999999,
814.7959999999999,
810.804,
814.176,
813.6790000000001,
811.403,
812.373,
811.39,
815.313,
808.458,
808.746,
815.553,
815.1800000000001,
815.789,
815.1080000000001,
812.2080000000001,
808.427,
811.471,
815.0150000000001,
811.163,
811.449,
811.511,
815.414,
815.096,
807.921,
813.367,
814.691,
810.791,
810.7379999999999,
810.481,
815.1239999999999,
811.514,
810.932,
811.12,
814.899,
807.941,
811.141,
815.745,
815.693,
815.176,
811.022,
815.23,
814.327,
811.462,
815.759,
808.3979999999999,
814.534,
815.429,
814.583,
814.882,
811.9920000000001,
811.821,
815.364,
814.552,
815.292,
815.3399999999999,
815.039,
813.7950000000001,
815.885,
814.014,
811.774,
814.557,
810.203,
811.728,
811.871,
811.191,
815.305,
811.903,
814.98,
812.019,
811.779,
815.151,
814.9110000000001,
815.564,
812.843,
807.425,
815.773,
815.624,
815.391,
815.2909999999999,
812.729,
815.105,
815.354,
807.8389999999999,
815.118,
816.003,
815.452,
814.747,
810.381,
811.1429999999999,
808.6419999999999,
812.265,
810.902,
814.794,
811.542,
810.042,
811.48,
814.314,
815.246,
815.515,
814.6600000000001,
814.78,
811.8760000000001,
814.211,
814.6,
811.594,
814.867,
809.307,
812.644,
814.794,
811.4259999999999,
814.628,
815.7529999999999,
810.4599999999999,
812.6360000000001,
811.517,
814.601,
814.845,
812.7769999999999,
815.2239999999999,
815.4,
815.1899999999999,
812.176,
814.307,
815.23,
815.8879999999999,
814.874,
811.3489999999999,
809.8,
815.0600000000001,
815.191,
814.8720000000001,
811.919,
813.659,
815.098,
810.951,
815.828,
815.759,
815.8290000000001,
812.118,
815.834,
815.583,
811.114,
814.932,
811.628,
814.889,
814.673,
815.767,
811.012,
815.851,
811.746,
815.057,
815.231,
811.277,
811.356,
815.258,
811.4540000000001,
810.885,
814.859,
815.654,
812.28,
815.156,
815.182,
815.283,
811.4010000000001,
810.212,
814.26,
807.736,
811.834,
814.372,
815.509,
815.3770000000001,
815.071,
811.387,
814.874,
815.233,
814.851,
815.0849999999999,
815.898,
815.591,
815.2629999999999,
814.9490000000001,
814.655,
814.322,
814.899,
815.5219999999999,
811.486,
814.699,
815.7339999999999,
807.2669999999999,
815.682,
811.609,
810.535,
814.867,
815.47,
814.806,
814.55,
810.76,
811.9159999999999,
814.939,
814.947,
811.7299999999999,
814.6560000000001,
814.039,
810.778,
815.77,
815.545,
812.1890000000001,
815.406,
815.1129999999999,
812.692,
815.977,
815.5210000000001,
808.568,
814.114,
813.107,
815.3439999999999,
816.305,
813.999,
815.351,
811.725,
811.222,
815.12,
814.879,
815.251,
815.024,
813.308,
811.893,
811.551,
811.717,
814.197,
811.465,
815.353,
811.4670000000001,
811.654,
811.179,
815.964,
808.06,
811.761,
815.265,
811.115,
811.86,
815.53,
812.261,
814.37,
814.703,
813.17,
811.1969999999999,
812.671,
810.745,
814.8199999999999,
811.8480000000001,
809.197,
815.155,
815.264,
811.233,
811.836,
807.665,
815.178,
812.411,
815.31,
814.671,
815.2819999999999,
814.38,
814.633,
815.849,
811.596,
815.2239999999999,
811.4639999999999,
811.137,
815.588,
814.856,
814.775,
811.961,
815.097,
810.243,
814.785,
811.5759999999999,
814.052,
814.967,
814.982,
816.337,
814.7410000000001,
815.284,
812.798,
811.22,
813.682,
815.149,
814.8149999999999,
814.546,
815.2080000000001,
812.1270000000001,
811.039,
815.133,
811.9960000000001,
810.557,
815.666,
814.449,
809.275,
814.893,
814.945,
808.162,
812.087,
815.0169999999999,
815.6790000000001,
814.88,
815.571,
815.245,
815.158,
814.169,
812.048,
807.359,
814.9499999999999,
815.511,
811.265,
810.63,
815.3439999999999,
814.6940000000001,
815.37,
815.13,
811.9929999999999,
815.187,
815.481,
807.914,
807.875,
815.086,
814.0150000000001,
811.346,
810.7760000000001,
810.708,
815.317,
815.361,
812.1800000000001,
815.114,
808.701,
815.7520000000001,
814.365,
811.1120000000001,
811.542,
815.722,
815.3580000000001,
813.959,
811.429,
810.956,
812.901,
814.697,
815.843,
815.057,
813.513,
814.48,
810.7919999999999,
811.577,
813.6560000000001,
815.192,
815.3770000000001,
814.779,
815.177,
814.645,
811.689,
815.11,
815.284,
811.484,
815.6600000000001,
814.9060000000001,
814.703,
812.134,
808.021,
815.745,
811.431,
807.855,
814.616,
810.3860000000001,
815.2139999999999,
814.654,
815.1709999999999,
807.425,
811.2850000000001,
807.991,
809.648,
812.213,
815.413,
814.501,
811.32,
814.904,
815.778,
811.3679999999999,
813.898,
815.1239999999999,
811.925,
810.791,
811.8290000000001,
811.1669999999999,
811.484,
807.99,
811.659,
813.586,
815.137,
811.55,
814.985,
815.302,
815.7529999999999,
810.366,
812.988,
815.2779999999999,
814.1389999999999,
814.939,
815.5440000000001,
814.9499999999999,
807.5360000000001,
811.508,
811.353,
812.177,
815.568,
815.686,
811.1460000000001,
811.469,
814.6419999999999,
815.016,
812.0260000000001,
811.099,
815.0150000000001,
815.288,
811.966,
811.695,
814.967,
815.365,
811.0079999999999,
814.369,
811.971,
811.391,
811.903,
811.748,
811.6679999999999,
811.212,
815.305,
814.721,
814.041,
814.742,
811.237,
814.895,
814.7379999999999,
815.8649999999999,
811.484,
809.91,
814.7180000000001,
810.823,
811.62,
815.495,
815.04,
810.75,
815.403,
815.0939999999999,
815.569,
815.956,
814.351,
815.26,
815.098,
811.751,
815.228,
814.626,
810.9110000000001,
814.581,
814.7090000000001,
807.063,
814.84,
815.5440000000001,
815.5949999999999,
814.788,
813.188,
811.407,
815.2700000000001,
815.6569999999999,
812.0730000000001,
811.991,
815.068,
815.481,
814.587,
815.729,
814.181,
811.407,
814.546,
811.289,
815.947,
813.6940000000001,
811.394,
809.221,
816.173,
814.96,
811.0699999999999,
815.955,
812.513,
814.4670000000001,
814.578,
813.557,
811.1669999999999,
815.7410000000001,
815.408,
811.469,
814.918,
810.517,
812.3439999999999,
812.0509999999999,
815.477,
814.523,
815.243,
815.5799999999999,
814.825,
815.122,
807.99,
810.742,
814.452,
815.317,
815.075,
815.337,
811.0690000000001,
811.594,
814.5409999999999,
812.67,
812.16,
810.838,
815.4409999999999,
812.213,
811.457,
815.095,
813.823,
811.261,
814.903,
807.517,
815.75,
811.216,
811.3620000000001,
811.195,
810.9309999999999,
815.2620000000001,
815.357,
814.764,
815.11,
809.045,
812.861,
815.1129999999999,
815.0600000000001,
811.779,
814.496,
812.762,
808.882,
812.424,
814.557,
814.241,
815.174,
813.945,
811.721,
815.233,
815.603,
816.381,
815.6940000000001,
811.7330000000001,
814.804,
813.903,
815.527,
811.327,
814.75,
808.015,
811.33,
812.9060000000001,
815.312,
814.9060000000001,
815.226,
815.155,
809.987,
815.1310000000001,
816.1859999999999,
814.658,
810.9380000000001,
810.511,
811.4590000000001,
816.234,
814.308,
811.16,
814.7339999999999,
811.978,
815.373,
815.5649999999999,
811.9060000000001,
815.1030000000001,
811.378,
815.134,
814.879,
815.0849999999999,
811.7220000000001,
815.4449999999999,
814.8069999999999,
811.2239999999999,
811.2819999999999,
807.948,
815.1129999999999,
810.7579999999999,
811.494,
815.097,
811.926,
812.744,
814.9159999999999,
807.567,
814.239,
815.299,
815.39,
815.4010000000001,
815.619,
814.655,
814.53,
813.59,
815.14,
807.741,
814.546,
815.296,
814.785,
814.601,
810.909,
816.052,
815.0319999999999,
810.55,
812.5210000000001,
814.6020000000001,
815.403,
815.472,
815.239,
815.45,
815.686,
815.523,
812.3639999999999,
815.299,
814.6379999999999,
810.9680000000001,
815.0889999999999,
815.645,
813.7370000000001,
814.449,
814.322,
815.798,
814.8760000000001,
810.905,
815.071,
815.861,
813.413,
811.511,
815.12,
815.194,
815.193,
815.025,
814.6560000000001,
813.661,
812.4559999999999,
815.2420000000001,
810.995,
815.234,
814.665,
811.209,
811.2629999999999,
811.018,
810.409,
815.005,
815.3620000000001,
814.863,
812.04,
811.3580000000001,
815.095,
815.158,
811.023,
810.794,
811.449,
815.065,
814.299,
814.7370000000001,
815.434,
813.034,
815.677,
815.116,
811.234,
811.3860000000001,
815.346,
810.645,
814.973,
814.875,
815.034,
810.785,
815.1129999999999,
810.359,
815.097,
815.3770000000001,
815.71,
815.081,
811.218,
810.55,
814.905,
814.825,
815.311,
811.002,
814.842,
808.749,
814.832,
815.3000000000001,
812.3399999999999,
815.078,
814.41,
811.625,
813.9960000000001,
812.424,
811.471,
814.805,
814.997,
814.3000000000001,
814.243,
811.394,
811.1899999999999,
812.486,
811.5459999999999,
812.959,
815.16,
807.7560000000001,
815.5219999999999,
815.8180000000001,
810.736,
809.566,
814.998,
815.1279999999999,
814.4590000000001,
815.438,
810.71,
815.826,
811.639,
815.724,
811.392,
815.1279999999999,
807.286,
815.648,
813.508,
814.9960000000001,
811.216,
812.818,
811.414,
815.311,
810.964,
814.909,
815.5799999999999,
811.331,
811.609,
815.012,
810.353,
815.1610000000001,
811.714,
815.582,
815.0939999999999,
815.099,
815.945,
814.7429999999999,
815.04,
815.9490000000001,
812.64,
814.003,
815.193,
810.668,
810.898,
815.7280000000001,
812.982,
811.735,
815.356,
815.492,
815.7330000000001,
812.948,
814.8030000000001,
815.346,
814.543,
816.107,
815.0260000000001,
815.2439999999999,
815.406,
815.058,
810.8530000000001,
811.425,
810.809,
815.092,
815.449,
815.849,
815.151,
812.245,
814.179,
815.28,
814.893,
814.9530000000001,
811.2239999999999,
814.884,
811.941,
811.584,
807.5790000000001,
815.4820000000001,
811.782,
814.644,
814.59,
811.434,
815.316,
812.021,
815.47,
809.3209999999999,
811.264,
814.686,
815.567,
815.272,
815.042,
811.7330000000001,
810.703,
814.907,
815.305,
813.1,
815.538,
814.348,
811.648,
807.775,
815.4449999999999,
815.644,
815.076,
811.764,
807.896,
814.289,
814.754,
811.7180000000001,
811.234,
814.3860000000001,
811.661,
811.907,
814.575,
815.2040000000001,
815.1610000000001,
815.1500000000001,
815.261,
814.678,
812.689,
815.714,
813.443,
811.754,
812.195,
811.586,
811.3770000000001,
812.002,
814.6229999999999,
815.179,
810.956,
815.747,
815.1129999999999,
811.457,
811.684,
813.141,
815.35,
814.666,
812.0939999999999,
811.825,
811.4390000000001,
814.809,
814.967,
815.4749999999999,
815.1089999999999,
815.36,
815.2230000000001,
807.395,
814.158,
814.02,
815.381,
815.271,
815.2779999999999,
812.166,
810.313,
815.664,
811.308,
815.447,
815.232,
811.547,
811.0600000000001,
815.685,
810.9269999999999,
808.417,
814.832,
811.063,
815.8199999999999,
814.769,
811.763,
815.365,
815.376,
811.101,
812.215,
814.972,
811.801,
811.0039999999999,
815.4979999999999,
814.366,
815.411,
811.2230000000001,
814.7090000000001,
815.122,
815.116,
810.939,
811.572,
811.356,
815.054,
814.3489999999999,
814.9119999999999,
814.219,
814.9340000000001,
812.858,
814.8140000000001,
815.313,
809.6719999999999,
815.379,
815.061,
814.237,
815.404,
815.666,
815.249,
811.2470000000001,
814.932,
815.43,
815.184,
815.309,
816.063,
811.5329999999999,
815.21,
814.758,
815.142,
815.151,
815.981,
811.516,
814.929,
811.6560000000001,
815.079,
811.139,
815.4209999999999,
815.2819999999999,
814.674,
813.92,
811.683,
814.838,
815.033,
815.054,
811.4590000000001,
811.157,
816.048,
811.311,
814.7769999999999,
815.4709999999999,
811.8330000000001,
814.118,
814.1279999999999,
813.304,
811.819,
811.883,
807.172,
814.9889999999999,
807.8760000000001,
811.3639999999999,
814.603,
815.923,
811.35,
815.11,
808.085,
815.365,
812.166,
811.243,
815.2779999999999,
815.238,
816.184,
814.7529999999999,
814.97,
811.999,
815.6060000000001,
815.391,
815.9739999999999,
814.498,
811.092,
814.9739999999999,
807.62,
815.091,
815.144,
814.6099999999999,
815.3340000000001,
811.881,
815.087,
814.871,
814.6719999999999,
811.961,
815.4449999999999,
814.45,
809.2629999999999,
815.221,
815.425,
814.69,
814.74,
815.272,
815.197,
811.194,
810.311,
811.513,
812.406,
812.728,
814.8570000000001,
813.23,
812.429,
814.826,
811.1709999999999,
814.745,
811.888,
814.806,
810.899,
811.2049999999999,
815.155,
811.45,
811.104,
807.648,
808.021,
807.75,
815.31,
814.788,
811.3679999999999,
815.547,
808.5,
815.235,
815.297,
814.9490000000001,
815.575,
815.195,
812.0690000000001,
811.763,
811.604,
814.8480000000001,
815.8149999999999,
807.61,
815.571,
815.14,
811.361,
814.789,
814.832,
811.041,
815.446,
809.998,
814.816,
807.823,
814.929,
815.155,
815.476,
814.577,
811.658,
811.851,
811.745,
814.8480000000001,
815.505,
815.5440000000001,
815.395,
812.3489999999999,
814.856,
810.2660000000001,
810.781,
811.384,
812.388,
811.716,
815.297,
812.2,
815.231,
815.391,
814.746,
807.3860000000001,
811.228,
815.83,
814.509,
811.554,
810.845,
815.803,
811.181,
814.735,
807.466,
810.826,
815.144,
814.566,
815.612,
815.107,
810.864,
815.018,
814.913,
810.925,
811.8760000000001,
815.504,
811.705,
815.6510000000001,
807.117,
812.039,
808.6999999999999,
811.805,
815.531,
814.932,
815.3430000000001,
816.151,
815.432,
814.297,
815.26,
815.014,
814.32,
811.68,
811.048,
815.496,
814.982,
811.3320000000001,
815.129,
814.592,
811.8199999999999,
808.433,
815.647,
810.419,
810.633,
815.396,
815.699,
813.9549999999999,
811.553,
815.744,
815.112,
812.558,
811.372,
814.487,
815.04,
812.453,
815.979,
815.256,
813.607,
814.557,
811.663,
811.154,
811.801,
811.582,
811.076,
816.193,
815.318,
811.359,
810.5440000000001,
814.501,
815.2479999999999,
811.571,
815.206,
815.713,
815.207,
815.14,
814.841,
815.5179999999999,
814.7529999999999,
815.055,
815.8199999999999,
814.8389999999999,
815.546,
811.2620000000001,
811.273,
815.2779999999999,
810.79,
810.3489999999999,
811.3000000000001,
810.23,
815.69,
811.269,
811.5799999999999,
815.048,
814.5210000000001,
815.13,
812.252,
812.373,
814.184,
815.4090000000001,
814.5949999999999,
815.274,
815.6719999999999,
815.392,
811.438,
815.276,
811.275,
811.569,
812.329,
815.302,
814.975,
810.6940000000001,
810.519,
811.099,
815.063,
815.044,
814.926,
814.698,
815.32,
811.704,
815.461,
814.874,
811.107,
814.138,
814.0690000000001,
814.759,
814.6759999999999,
810.6370000000001,
810.958,
813.08,
815.038,
812.596,
815.003,
814.568,
811.5649999999999,
811.169,
815.523,
815.297,
814.593,
807.348,
811.211,
815.086,
812.168,
815.1859999999999,
814.952,
815.57,
815.452,
814.469,
811.388,
813.684,
815.7710000000001,
814.778,
815.11,
815.397,
812.513,
811.29,
815.054,
814.5029999999999,
811.413,
816.0110000000001,
815.043,
812.666,
808.9680000000001,
812.7560000000001,
810.302,
808.636,
815.5369999999999,
814.895,
810.831,
811.367,
811.477,
815.207,
810.78,
812.252,
814.055,
814.884,
811.4200000000001,
808.406,
811.553,
811.727,
814.235,
811.3629999999999,
811.542,
814.366,
815.645,
814.948,
811.967,
815.0,
815.134,
816.006,
815.513,
815.314,
811.893,
812.641,
815.232,
815.605,
811.228,
813.864,
815.4780000000001,
813.538,
814.9830000000001,
814.794,
806.74,
815.372,
809.894,
814.957,
814.8570000000001,
814.83,
815.102,
815.849,
814.7520000000001,
814.5440000000001,
813.164,
814.9459999999999,
815.3829999999999,
812.3000000000001,
811.621,
815.077,
815.216,
810.7189999999999,
811.4879999999999,
808.399,
807.4440000000001,
815.722,
815.087,
815.054,
815.6320000000001,
814.8539999999999,
810.785,
811.901,
815.724,
815.2479999999999,
808.348,
815.012,
815.167,
807.365,
811.5909999999999,
811.217,
814.121,
815.75,
815.502,
811.53,
811.3059999999999,
811.288,
815.001,
814.706,
811.571,
815.684,
811.049,
811.604,
812.342,
815.355,
814.8530000000001,
815.197,
813.092,
814.462,
815.342,
811.4350000000001,
810.381,
812.206,
815.111,
815.068,
807.249,
815.671,
811.477,
811.1129999999999,
814.712,
810.859,
811.6529999999999,
814.967,
815.1890000000001,
811.056,
807.697,
815.164,
814.071,
814.936,
815.272,
814.273,
815.156,
815.7520000000001,
814.793,
814.59,
811.951,
812.5029999999999,
815.3470000000001,
811.0319999999999,
810.895,
815.75,
815.3589999999999,
815.5559999999999,
807.5,
811.7339999999999,
810.852,
815.251,
814.838,
815.684,
810.515,
815.5790000000001,
814.728,
815.6510000000001,
815.269,
815.7379999999999,
815.2669999999999,
815.689,
814.959,
815.3399999999999,
811.203,
812.5219999999999,
816.0269999999999,
811.25,
814.68,
815.535,
812.0730000000001,
815.235,
814.3820000000001,
814.081,
815.332,
814.828,
815.0880000000001,
814.759,
816.233,
808.183,
815.354,
815.4090000000001,
811.118,
814.955,
812.318,
812.523,
814.38,
807.798,
810.825,
815.053,
815.432,
815.256,
815.502,
815.2629999999999,
815.509,
815.83,
814.646,
814.917,
813.033,
811.697,
811.789,
815.712,
815.412,
808.197,
812.998,
811.787,
811.7379999999999,
815.804,
815.397,
810.863,
815.671,
811.765,
812.513,
811.354,
813.1519999999999,
814.8729999999999,
807.506,
811.619,
811.4050000000001,
813.563,
811.5759999999999,
814.852,
813.087,
811.447,
815.701,
810.48,
815.211,
810.797,
815.105,
813.314,
815.142,
815.3439999999999,
815.0659999999999,
815.117,
814.2850000000001,
814.476,
810.67,
814.589,
807.334,
815.947,
810.5799999999999,
815.077,
810.538,
810.191,
815.2049999999999,
814.8879999999999,
816.2439999999999,
811.728,
816.072,
816.164,
815.743,
812.881,
814.665,
814.894,
810.881,
812.698,
815.2589999999999,
815.691,
810.978,
814.759,
815.0039999999999,
815.192,
812.702,
807.5179999999999,
814.8870000000001,
811.566,
814.89,
810.879,
815.038,
810.832,
814.546,
814.517,
815.491,
815.4749999999999,
811.832,
811.273,
815.0079999999999,
815.1279999999999,
815.102,
814.988,
810.858,
815.774,
814.864,
815.566,
814.861,
811.846,
810.414,
811.429,
814.9,
810.769,
814.271,
810.434,
813.805,
815.388,
814.49,
814.0110000000001,
816.188,
811.819,
811.785,
813.9060000000001,
808.256,
814.394,
815.053,
811.648,
814.7180000000001,
815.2009999999999,
815.477,
815.2669999999999,
814.243,
814.8870000000001,
814.1500000000001,
807.174,
814.019,
810.904,
808.342,
807.663,
811.274,
815.0849999999999,
812.31,
815.3580000000001,
816.054,
815.355,
815.064,
814.781,
814.019,
815.89,
812.275,
813.8649999999999,
814.6210000000001,
814.708,
811.622,
815.513,
811.13,
815.157,
814.303,
815.4709999999999,
811.409,
811.418,
815.144,
811.511,
814.942,
815.3820000000001,
815.0730000000001,
807.725,
815.122,
814.957,
815.035,
811.4630000000001,
811.9699999999999,
811.9490000000001,
815.2139999999999,
814.629,
815.702,
811.361,
813.04,
815.152,
807.913,
815.2080000000001,
815.289,
815.046,
814.628,
812.826,
812.91,
814.914,
814.797,
815.156,
815.797,
814.842,
814.221,
815.2,
809.7860000000001,
815.745,
810.388,
814.327,
812.1890000000001,
815.2570000000001,
814.965,
814.511,
815.841,
808.423,
815.2479999999999,
810.258,
814.952,
811.8349999999999,
811.782,
814.591,
815.378,
815.519,
815.141,
815.195,
815.687,
815.2420000000001,
814.173,
811.061,
815.0150000000001,
811.3820000000001,
815.238,
811.477,
815.495,
811.908,
814.768,
816.012,
814.8870000000001,
815.217,
810.611,
808.209,
815.505,
815.765,
814.673,
810.707,
811.2230000000001,
811.605,
815.805,
815.1899999999999,
815.4090000000001,
815.806,
811.5909999999999,
815.117,
812.3470000000001,
815.832,
810.513,
814.198,
814.053,
812.068,
807.385,
814.699,
815.5219999999999,
812.9,
815.991,
811.4639999999999,
815.9300000000001,
815.0500000000001,
807.52,
815.129,
814.767,
814.076,
815.378,
815.647,
815.736,
813.836,
816.038,
815.346,
815.176,
815.149,
814.183,
814.976,
815.5400000000001,
815.159,
815.836,
813.793,
814.162,
812.493,
811.641,
815.468,
809.723,
812.019,
814.702,
815.144,
811.157,
815.029,
815.4630000000001,
814.0840000000001,
810.982,
811.739,
815.548,
811.329,
815.959,
816.138,
814.474,
812.1610000000001,
811.849,
814.826,
814.183,
814.972,
815.299,
815.703,
811.562,
811.567,
812.532,
814.84,
815.988,
811.1,
813.043,
814.251,
815.2470000000001,
814.864,
814.596,
814.937,
815.1709999999999,
815.356,
810.83,
811.341,
811.254,
815.7710000000001,
807.988,
812.976,
815.389,
815.557,
807.219,
814.433,
814.419,
815.35,
815.98,
813.879,
815.809,
814.856,
815.097,
814.71,
815.187,
813.97,
810.681,
814.868,
815.353,
815.489,
812.0840000000001,
812.761,
815.116,
815.322,
807.255,
815.1709999999999,
811.588,
814.2230000000001,
815.3679999999999,
815.41,
813.742,
815.314,
815.046,
815.231,
810.8,
808.135,
811.941,
812.429,
812.048,
813.7760000000001,
811.3470000000001,
808.3789999999999,
814.921,
811.158,
815.413,
809.198,
815.1030000000001,
815.239,
815.1709999999999,
811.1030000000001,
814.311,
811.817,
814.9490000000001,
815.722,
810.024,
812.4749999999999,
812.725,
811.683,
815.053,
814.963,
815.169,
812.791,
815.7950000000001,
815.023,
811.965,
815.6510000000001,
812.025,
815.5409999999999,
812.1610000000001,
810.8,
812.1610000000001,
815.299,
811.725,
811.875,
810.7339999999999,
807.757,
811.058,
815.5029999999999,
814.858,
815.329,
814.331,
813.577,
811.803,
815.483,
814.641,
814.736,
814.5740000000001,
815.5329999999999,
811.922,
813.861,
811.755,
811.1270000000001,
812.335,
814.816,
813.132,
807.832,
815.148,
815.3829999999999,
814.529,
815.673,
815.647,
812.443,
814.921,
814.413,
811.5609999999999,
815.662,
814.432,
815.137,
815.665,
810.233,
811.961,
815.831,
813.964,
807.77,
812.645,
814.442,
810.901,
815.246,
811.175,
812.061,
814.716,
815.8729999999999,
815.149,
814.4559999999999,
813.125,
811.212,
814.151,
814.2120000000001,
814.11,
815.134,
811.326,
815.6719999999999,
810.2230000000001,
815.674,
815.3059999999999,
809.057,
812.302,
814.754,
815.081,
815.1080000000001,
811.626,
811.523,
815.258,
812.308,
811.059,
812.1859999999999,
815.416,
811.832,
811.9399999999999,
811.975,
814.624,
815.2669999999999,
814.101,
815.45,
815.978,
811.466,
811.648,
814.326,
811.477,
811.2139999999999,
810.893,
814.674,
815.231,
815.6569999999999,
807.807,
814.2439999999999,
815.178,
807.2,
811.9699999999999,
812.406,
810.371,
814.896,
811.72,
811.791,
811.696,
814.915,
815.669,
815.151,
815.056,
814.49,
814.767,
815.116,
815.121,
814.727,
813.491,
811.385,
814.894,
815.016,
811.015,
815.0619999999999,
810.523,
810.634,
814.693,
815.307,
811.0939999999999,
815.009,
815.643,
815.6560000000001,
812.158,
814.529,
812.1310000000001,
815.192,
815.153,
807.4839999999999,
815.353,
811.75,
814.046,
814.0619999999999,
815.722,
814.5409999999999,
815.3770000000001,
811.4749999999999,
814.074,
809.36,
815.1899999999999,
810.5609999999999,
812.13,
812.683,
811.457,
810.7950000000001,
815.507,
812.9459999999999,
815.191,
807.7990000000001,
813.2,
813.978,
811.381,
811.29,
814.842,
815.491,
814.507,
815.012,
814.9680000000001,
813.159,
815.704,
811.878,
811.397,
810.89,
806.721,
811.446,
811.928,
815.23,
815.472,
814.414,
815.4709999999999,
815.468,
815.466,
811.956,
815.418,
815.009,
815.272,
815.038,
814.6600000000001,
815.3770000000001,
814.74,
810.107,
811.399,
813.022,
809.0690000000001,
815.1080000000001,
815.755,
811.1429999999999,
810.8570000000001,
815.76,
814.727,
814.183,
811.961,
815.6600000000001,
811.573,
814.6719999999999,
806.589,
815.239,
814.5590000000001,
814.607,
815.116,
812.033,
815.654,
810.976,
815.155,
815.729,
808.808,
814.423,
814.894,
815.411,
813.817,
815.023,
811.9920000000001,
810.896,
811.89,
810.878,
812.061,
814.626,
814.428,
814.9269999999999,
811.3489999999999,
815.4599999999999,
811.577,
814.755,
810.246,
814.924,
811.485,
815.222,
814.059,
809.7379999999999,
810.9399999999999,
815.8109999999999,
811.29,
811.55,
815.206,
815.2700000000001,
814.973,
814.523,
811.557,
815.044,
815.37,
815.24,
808.495,
815.437,
808.639,
811.097,
814.677,
811.929,
814.36,
815.206,
810.744,
815.312,
811.71,
815.168,
815.2589999999999,
814.843,
812.091,
808.03,
816.087,
811.485,
814.551,
815.7769999999999,
815.76,
811.585,
814.793,
808.0110000000001,
815.178,
815.376,
814.9,
809.924,
811.1650000000001,
811.481,
814.8499999999999,
808.174,
807.952,
815.273,
815.351,
811.175,
814.437,
814.444,
815.505,
814.376,
810.5400000000001,
810.014,
815.641,
815.558,
815.235,
814.557,
815.6,
811.858,
815.778,
811.168,
815.11,
815.2,
810.5360000000001,
812.359,
811.199,
813.724,
811.7149999999999,
815.419,
807.8689999999999,
813.26,
814.348,
814.724,
815.24,
815.006,
815.274,
815.6949999999999,
812.274,
812.5609999999999,
812.33,
811.517,
811.744,
811.708,
815.4169999999999,
810.4440000000001,
816.0469999999999,
812.015,
814.8149999999999,
809.976,
815.688,
814.0840000000001,
814.331,
811.2660000000001,
815.074,
807.414,
814.761,
815.114,
811.432,
815.274,
811.523,
814.1850000000001,
815.0939999999999,
810.878,
810.4259999999999,
815.611,
815.501,
811.681,
807.581,
811.9830000000001,
814.782,
814.6099999999999,
814.729,
814.3249999999999,
814.91,
811.742,
814.7410000000001,
810.6020000000001,
814.907,
813.966,
815.009,
815.0619999999999,
815.0880000000001,
814.724,
814.827,
807.685,
811.309,
814.3580000000001,
811.102,
811.806,
811.4409999999999,
814.805,
815.367,
815.1800000000001,
815.253,
808.339,
815.284,
810.41,
810.683,
815.6379999999999,
808.312,
814.837,
815.0889999999999,
811.6529999999999,
810.847,
814.645,
811.198,
814.1859999999999,
815.831,
815.868,
815.515,
815.038,
815.167,
814.678,
812.276,
815.714,
814.194,
812.346,
814.4409999999999,
807.7180000000001,
811.658,
811.706,
810.772,
811.667,
811.924,
815.3580000000001,
814.863,
815.5179999999999,
815.126,
811.539,
815.2629999999999,
811.842,
815.921,
814.037,
814.3439999999999,
815.268,
810.962,
814.847,
815.431,
811.5609999999999,
811.232,
814.904,
810.5210000000001,
814.7180000000001,
815.299,
815.391,
810.4599999999999,
815.071,
813.6560000000001,
815.703,
811.87,
807.6229999999999,
815.5440000000001,
814.937,
810.7710000000001,
815.275,
806.92,
807.629,
815.0509999999999,
811.407,
815.112,
815.447,
815.3209999999999,
814.9490000000001,
816.061,
814.117,
815.1429999999999,
815.106,
811.4019999999999,
812.246,
810.231,
815.393,
808.7330000000001,
814.53,
812.626,
815.067,
810.882,
812.22,
812.0039999999999,
807.689,
810.832,
811.957,
815.159,
812.965,
814.5989999999999,
811.471,
815.5949999999999,
811.695,
815.355,
814.982,
814.075,
812.065,
810.453,
807.4449999999999,
814.862,
815.899,
814.948,
811.589,
815.571,
814.294,
808.603,
810.845,
811.74,
814.955,
814.6320000000001,
812.0469999999999,
811.1899999999999,
814.957,
812.431,
813.844,
815.203,
814.9060000000001,
814.827,
811.132,
814.6560000000001,
810.947,
815.299,
815.659,
814.183,
814.5369999999999,
811.37,
815.1800000000001,
812.7560000000001,
815.837,
815.4409999999999,
814.923,
810.828,
815.199,
814.413,
811.735,
815.354,
813.893,
816.174,
815.261,
811.9960000000001,
812.438,
806.995,
813.7339999999999,
811.453,
811.74,
814.195,
815.3059999999999,
812.805,
814.019,
811.658,
808.352,
807.33,
814.7180000000001,
815.1239999999999,
811.8069999999999,
811.932,
815.126,
812.649,
814.8720000000001,
814.0540000000001,
811.063,
816.149,
815.219,
815.708,
811.22,
810.4010000000001,
808.071,
808.827,
815.1310000000001,
811.465,
811.102,
812.429,
811.531,
807.2479999999999,
812.55,
811.036,
814.658,
814.87,
811.231,
815.3470000000001,
811.476,
811.231,
815.834,
815.629,
811.4,
814.625,
815.412,
814.1650000000001,
815.28,
815.629,
815.002,
812.072,
814.655,
811.166,
815.318,
810.511,
815.006,
814.9459999999999,
815.684,
815.2479999999999,
815.156,
815.271,
815.553,
807.0310000000001,
810.608,
814.5369999999999,
811.8069999999999,
814.812,
814.847,
810.493,
815.3770000000001,
814.846,
811.929,
815.2289999999999,
808.765,
811.693,
815.5949999999999,
815.203,
815.476,
815.058,
812.62,
807.4599999999999,
807.197,
812.125,
815.222,
808.59,
807.378,
815.4820000000001,
814.2120000000001,
811.5459999999999,
814.1650000000001,
811.594,
815.711,
815.053,
815.101,
815.437,
815.3000000000001,
813.0849999999999,
810.898,
815.39,
814.106,
811.3979999999999,
814.2819999999999,
814.553,
810.769,
811.331,
812.633,
807.8290000000001,
815.448,
813.022,
815.921,
813.389,
815.322,
814.947,
807.314,
815.057,
812.834,
814.581,
811.7410000000001,
815.808,
811.449,
815.029,
810.5550000000001,
815.844,
814.31,
811.538,
811.6759999999999,
809.68,
811.554,
815.215,
814.748,
815.955,
811.381,
815.419,
814.97,
811.696,
815.91,
814.4350000000001,
814.8649999999999,
812.0880000000001,
811.0039999999999,
814.761,
812.9739999999999,
815.065,
816.369,
815.043,
814.8109999999999,
815.2629999999999,
810.0840000000001,
815.01,
814.787,
811.431,
813.376,
815.1850000000001,
814.2420000000001,
807.589,
812.605,
815.48,
815.394,
814.167,
813.852,
811.729,
813.176,
807.392,
812.569,
814.4019999999999,
815.8100000000001,
811.292,
815.745,
815.335,
811.5409999999999,
814.316,
815.761,
814.831,
815.356,
807.3580000000001,
813.028,
815.245,
811.333,
815.5989999999999,
814.447,
810.79,
810.644,
815.2139999999999,
815.322,
811.529,
810.828,
815.477,
814.4970000000001,
815.1899999999999,
815.1350000000001,
815.806,
811.736,
815.4970000000001,
815.149,
815.6510000000001,
814.622,
814.901,
813.747,
815.5329999999999,
814.955,
815.054,
815.036,
814.884,
811.469,
815.096,
815.063,
815.239,
812.61,
812.005,
808.697,
815.057,
815.191,
815.326,
815.703,
813.5179999999999,
806.677,
812.231,
809.9269999999999,
811.268,
815.976,
815.3059999999999,
815.601,
814.976,
812.322,
811.751,
815.5029999999999,
814.696,
811.791,
811.4010000000001,
815.8199999999999,
815.1080000000001,
813.782,
815.274,
815.659,
815.431,
814.663,
814.894,
811.9530000000001,
810.199,
815.0110000000001,
812.8109999999999,
812.064,
814.557,
814.669,
813.882,
815.422,
815.173,
813.806,
814.776,
811.203,
811.348,
815.502,
814.6099999999999,
813.9380000000001,
816.028,
814.667,
815.099,
811.0880000000001,
814.434,
815.92,
814.348,
811.0690000000001,
814.768,
811.843,
814.89,
814.847,
811.414,
811.1650000000001,
811.198,
814.914,
811.437,
815.429,
811.392,
807.254,
811.33,
814.8030000000001,
816.176,
812.08,
807.693,
807.668,
814.967,
814.979,
810.886,
815.072,
814.9,
814.781,
811.662,
808.2819999999999,
815.806,
814.2139999999999,
812.24,
811.821,
812.4670000000001,
814.2479999999999,
815.261,
811.72,
815.294,
811.508,
815.797,
811.4050000000001,
812.357,
815.519,
810.425,
815.318,
814.666,
813.677,
811.57,
815.7520000000001,
815.232,
814.8570000000001,
815.065,
814.546,
811.361,
812.139,
816.179,
815.605,
814.819,
811.289,
815.6790000000001,
810.979,
812.52,
815.627,
814.97,
815.4409999999999,
808.195,
811.025,
811.0070000000001,
815.588,
810.817,
814.133,
814.395,
811.4559999999999,
814.6320000000001,
815.033,
813.986,
814.923,
811.294,
814.286,
810.63,
811.5980000000001,
811.339,
814.6419999999999,
814.758,
811.951,
811.1899999999999,
808.226,
815.755,
811.081,
810.693,
814.2570000000001,
812.96,
815.465,
810.3789999999999,
811.7180000000001,
814.723,
811.767,
814.8199999999999,
811.65,
813.899,
815.626,
815.264,
812.7090000000001,
808.099,
812.031,
815.332,
815.9,
812.745,
815.805,
810.016,
810.454,
810.904,
811.643,
806.8629999999999,
815.493,
808.117,
809.8570000000001,
813.268,
815.466,
811.172,
815.2,
814.862,
815.0039999999999,
812.721,
811.759,
814.773,
810.87,
815.391,
813.717,
811.056,
816.277,
813.6560000000001,
811.157,
814.701,
815.218,
815.714,
815.861,
811.4440000000001,
815.221,
815.0600000000001,
814.373,
812.603,
815.2049999999999,
811.932,
815.6560000000001,
815.4240000000001,
814.178,
815.025,
811.3829999999999,
812.2570000000001,
808.527,
808.298,
814.6229999999999,
815.596,
810.601,
814.607,
813.035,
811.493,
815.747,
810.0260000000001,
811.566,
808.549,
812.0690000000001,
814.827,
815.198,
811.991,
814.979,
815.633,
814.249,
815.527,
815.6759999999999,
811.866,
815.2289999999999,
815.071,
811.194,
814.508,
813.7189999999999,
814.727,
815.517,
810.842,
815.513,
811.13,
811.338,
811.665,
815.628,
814.9889999999999,
815.693,
812.858,
814.2589999999999,
815.1650000000001,
807.8969999999999,
811.25,
810.288,
810.3320000000001,
808.706,
815.272,
815.2230000000001,
811.471,
807.36,
811.669,
811.183,
815.002,
810.61,
814.915,
814.754,
812.9119999999999,
815.106,
814.955,
815.034,
814.819,
814.831,
811.44,
815.816,
814.978,
811.511,
812.562,
808.408,
815.0469999999999,
814.999,
809.1279999999999,
811.275,
816.246,
810.622,
814.601,
806.9770000000001,
814.936,
815.192,
815.304,
815.447,
814.905,
815.311,
815.087,
815.276,
807.1669999999999,
815.5210000000001,
814.646,
811.8349999999999,
815.119,
811.013,
814.563,
811.813,
815.3059999999999,
808.466,
815.768,
815.268,
811.217,
810.842,
815.105,
815.684,
812.803,
815.7410000000001,
812.3489999999999,
807.462,
811.506,
810.898,
815.5329999999999,
813.169,
810.732,
815.766,
810.076,
814.562,
813.148,
815.513,
812.394,
815.099,
815.218,
815.727,
815.746,
811.385,
814.48,
808.148,
811.498,
810.714,
811.984,
815.7280000000001,
808.5590000000001,
814.759,
815.1850000000001,
816.075,
815.304,
807.4599999999999,
815.759,
814.972,
812.886,
814.774,
815.4789999999999,
808.4209999999999,
811.153,
814.433,
811.568,
815.2049999999999,
815.716,
815.097,
811.5120000000001,
814.3860000000001,
807.964,
810.673,
812.8499999999999,
815.1429999999999,
815.1030000000001,
811.425,
816.052,
812.235,
810.804,
814.75,
815.543,
815.184,
815.524,
815.301,
808.928,
809.71,
807.13,
815.529,
814.9960000000001,
814.963,
814.689,
814.764,
814.984,
811.1519999999999,
815.502,
807.808,
811.406,
810.845,
814.353,
808.725,
812.1129999999999,
815.023,
815.1859999999999,
815.0450000000001,
814.883,
808.5120000000001,
813.68,
815.31,
810.879,
814.4010000000001,
810.1310000000001,
812.6179999999999,
813.9380000000001,
815.4540000000001,
815.019,
811.944,
811.7710000000001,
814.596,
813.092,
814.971,
815.169,
815.1030000000001,
815.136,
814.52,
815.2570000000001,
811.219,
810.121,
815.1389999999999,
815.499,
811.099,
810.813,
808.03,
815.4559999999999,
811.111,
811.901,
815.63,
815.862,
811.097,
815.3860000000001,
811.655,
812.0509999999999,
814.32,
807.633,
815.206,
815.6949999999999,
811.654,
815.591,
814.689,
815.198,
810.787,
811.455,
811.877,
813.169,
814.012,
815.577,
810.687,
807.313,
810.901,
812.187,
811.491,
811.611,
811.832,
811.9060000000001,
811.74,
813.8149999999999,
810.9269999999999,
811.137,
814.6529999999999,
811.3629999999999,
813.967,
814.802,
812.507,
815.199,
810.507,
811.413,
811.732,
815.495,
813.9110000000001,
808.585,
815.222,
814.666,
815.509,
815.952,
811.461,
811.243,
811.673,
813.076,
814.489,
815.883,
811.778,
815.067,
814.484,
814.884,
815.682,
815.134,
811.838,
815.053,
807.43,
815.126,
815.9490000000001,
815.899,
811.612,
814.1429999999999,
811.5980000000001,
815.583,
810.233,
814.391,
815.832,
815.2139999999999,
816.246,
815.956,
813.593,
815.218,
815.7710000000001,
811.03,
811.374,
810.935,
811.028,
811.427,
815.339,
815.585,
815.3209999999999,
810.864,
812.04,
811.619,
815.271,
814.444,
815.581,
814.8290000000001,
810.3770000000001,
811.846,
811.6179999999999,
816.099,
816.202,
815.238,
815.7180000000001,
811.8349999999999,
815.433,
814.8729999999999,
806.892,
810.582,
813.868,
812.545,
814.432,
815.249,
811.388,
807.511,
815.528,
814.553,
815.493,
812.768,
806.827,
815.793,
815.1270000000001,
807.793,
814.0070000000001,
815.842,
811.588,
814.649,
814.926,
811.984,
814.937,
815.241,
815.064,
815.7410000000001,
815.452,
815.1859999999999,
814.643,
815.187,
812.663,
810.867,
811.825,
815.652,
815.0699999999999,
815.408,
815.722,
815.001,
815.0600000000001,
812.181,
811.461,
815.399,
815.9119999999999,
815.138,
813.404,
811.842,
815.778,
814.997,
812.2139999999999,
811.553,
815.616,
814.739,
814.3470000000001,
811.071,
815.465,
815.77,
809.466,
807.753,
808.5609999999999,
815.855,
814.311,
814.851,
812.566,
811.837,
815.842,
814.7429999999999,
815.7520000000001,
815.206,
815.4879999999999,
814.947,
811.155,
815.6679999999999,
815.294,
814.33,
814.5329999999999,
810.039,
810.509,
815.005,
811.8199999999999,
814.819,
809.636,
812.129,
807.757,
815.151,
815.052,
815.265,
811.129,
811.669,
811.283,
812.0659999999999,
815.023,
814.561,
811.3439999999999,
810.569,
814.998,
814.1429999999999,
816.068,
815.327,
814.761,
814.37,
811.787,
815.38,
810.9459999999999,
814.601,
812.529,
814.438,
815.4540000000001,
814.7379999999999,
813.455,
814.418,
815.389,
815.634,
811.249,
811.9340000000001,
811.6320000000001,
812.323,
815.2700000000001,
814.9490000000001,
814.1659999999999,
814.663,
811.087,
815.1610000000001,
811.742,
812.338,
811.568,
815.4590000000001,
814.6210000000001,
811.1429999999999,
810.944,
814.277,
815.677,
815.528,
811.387,
811.087,
807.134,
812.539,
815.148,
815.381,
815.7379999999999,
812.991,
814.9119999999999,
814.757,
814.63,
815.333,
815.376,
810.624,
814.144,
809.998,
810.211,
811.25,
812.51,
812.589,
814.822,
814.681,
815.234,
815.528,
815.33,
814.505,
814.982,
815.564,
815.836,
811.9929999999999,
815.484,
815.141,
815.335,
815.013,
814.847,
814.431,
811.04,
815.547,
815.012,
814.9110000000001,
814.215,
814.832,
810.592,
815.431,
815.331,
814.742,
811.613,
814.858,
807.5799999999999,
811.249,
814.5329999999999,
814.152,
814.994,
815.065,
811.745,
811.633,
815.928,
815.524,
814.355,
815.184,
811.9549999999999,
815.711,
811.4050000000001,
815.57,
811.69,
810.3820000000001,
814.943,
811.104,
814.96,
815.149,
811.622,
811.611,
814.84,
814.245,
811.5989999999999,
815.144,
815.188,
815.8969999999999,
814.659,
814.444,
811.4820000000001,
816.002,
815.345,
815.238,
815.1129999999999,
815.1279999999999,
815.389,
810.337,
811.534,
811.551,
815.315,
815.29,
815.4970000000001,
811.9680000000001,
813.535,
812.3979999999999,
811.514,
811.3860000000001,
815.226,
811.622,
814.978,
815.41,
815.105,
814.9960000000001,
815.458,
811.8100000000001,
811.3320000000001,
814.36,
811.427,
811.125,
815.8649999999999,
815.176,
815.708,
815.179,
815.323,
811.585,
814.896,
816.644,
815.1129999999999,
815.095,
807.685,
815.114,
812.2420000000001,
815.092,
812.703,
815.505,
815.4540000000001,
814.8760000000001,
815.496,
811.041,
815.696,
815.412,
810.388,
814.655,
811.361,
814.361,
815.287,
814.256,
814.9929999999999,
813.775,
808.2479999999999,
815.225,
811.471,
815.584,
811.455,
815.889,
810.708,
815.4590000000001,
814.881,
811.688,
816.4449999999999,
812.315,
812.0319999999999,
816.203,
815.419,
814.322,
813.091,
812.572,
815.3059999999999,
814.978,
815.072,
814.453,
812.356,
815.3280000000001,
815.4200000000001,
815.928,
814.55,
809.96,
809.468,
811.187,
814.929,
815.1659999999999,
815.112,
815.568,
811.2819999999999,
811.178,
815.483,
811.908,
815.352,
814.175,
814.526,
813.793,
807.4559999999999,
812.194,
815.175,
815.097,
814.625,
815.091,
811.902,
815.2470000000001,
811.698,
816.043,
811.3679999999999,
815.26,
815.163,
816.222,
815.2049999999999,
815.006,
815.331,
807.831,
814.8330000000001,
814.5329999999999,
814.269,
811.486,
814.8530000000001,
810.597,
814.633,
812.91,
808.468,
813.564,
812.207,
812.416,
813.1080000000001,
815.821,
811.355,
814.907,
811.417,
811.168,
815.24,
815.346,
814.982,
811.078,
811.6759999999999,
810.593,
815.558,
814.8480000000001,
814.952,
809.217,
815.034,
814.8480000000001,
815.515,
811.3770000000001,
810.972,
806.5980000000001,
814.988,
812.395,
814.894,
814.904,
814.6999999999999,
814.31,
815.6719999999999,
808.037,
811.851,
811.6370000000001,
811.294,
814.7950000000001,
814.188,
816.1350000000001,
814.179,
815.823,
813.8689999999999,
814.704,
815.241,
814.6640000000001,
814.292,
810.6790000000001,
812.206,
811.148,
811.406,
815.904,
815.239,
815.035,
814.877,
811.219,
815.6790000000001,
815.1089999999999,
815.6679999999999,
810.662,
815.019,
813.548,
815.121,
811.437,
815.37,
815.296,
814.469,
815.659,
811.022,
814.973,
811.139,
814.824,
815.387,
814.397,
815.841,
811.315,
810.3059999999999,
814.408,
810.727,
811.4749999999999,
815.075,
811.381,
811.585,
815.1310000000001,
812.053,
815.0840000000001,
814.84,
815.225,
815.1610000000001,
814.446,
815.429,
807.8760000000001,
811.686,
815.14,
814.132,
813.918,
815.349,
815.6600000000001,
811.843,
815.016,
811.2660000000001,
810.4209999999999,
815.554,
811.1239999999999,
814.451,
811.0260000000001,
807.9549999999999,
815.5179999999999,
815.411,
815.157,
815.758,
812.552,
810.9119999999999,
815.3620000000001,
813.481,
814.422,
813.797,
815.0849999999999,
814.9739999999999,
815.192,
814.652,
816.0690000000001,
815.45,
815.747,
811.556,
811.28,
814.976,
811.5210000000001,
811.881,
814.462,
806.793,
811.183,
815.237,
815.2080000000001,
812.1899999999999,
810.6940000000001,
815.78,
814.558,
811.3240000000001,
815.416,
815.4540000000001,
811.5179999999999,
812.31,
812.591,
811.8969999999999,
814.532,
812.529,
813.693,
814.824,
811.3399999999999,
815.782,
813.394,
812.56,
812.335,
811.227,
815.4200000000001,
810.619,
811.219,
815.08,
812.057,
815.295,
815.153,
813.77,
811.4879999999999,
814.905,
810.7330000000001,
815.0039999999999,
815.25,
811.427,
813.3399999999999,
815.496,
811.517,
814.1899999999999,
812.118,
810.067,
814.609,
814.8530000000001,
815.575,
811.87,
808.677,
815.246,
815.6360000000001,
816.076,
814.728,
811.391,
814.863,
811.6679999999999,
815.543,
815.9739999999999,
815.399,
811.654,
815.801,
814.5550000000001,
814.751,
815.783,
814.59,
814.693,
810.2909999999999,
815.855,
814.832,
815.256,
815.458,
815.238,
815.427,
810.6750000000001,
811.43,
810.843,
811.966,
814.7529999999999,
811.5799999999999,
814.2669999999999,
810.966,
814.755,
814.43,
814.626,
813.3860000000001,
814.28,
810.9830000000001,
815.612,
814.187,
812.158,
814.6419999999999,
815.546,
810.3580000000001,
811.893,
811.877,
815.202,
808.01,
811.345,
811.312,
815.195,
814.352,
814.845,
814.232,
815.068,
812.6719999999999,
814.6510000000001,
815.629,
810.698,
815.1859999999999,
815.033,
814.678,
811.371,
812.7299999999999,
813.394,
814.014,
812.836,
815.25,
815.101,
814.787,
814.6529999999999,
811.297,
812.563,
811.519,
814.7860000000001,
810.514,
814.903,
811.326,
811.453,
815.1800000000001,
813.261,
811.271,
812.058,
815.6600000000001,
807.369,
815.8199999999999,
814.889,
814.508,
811.408,
814.86,
814.9490000000001,
812.172,
815.745,
814.687,
811.893,
814.9060000000001,
814.038,
814.641,
815.078,
815.042,
815.643,
815.765,
815.826,
811.9699999999999,
815.78,
815.434,
815.394,
815.5980000000001,
810.723,
811.227,
815.604,
815.028,
814.783,
813.702,
815.389,
811.121,
815.316,
813.7149999999999,
811.3209999999999,
815.153,
816.153,
815.6949999999999,
815.643,
812.863,
812.061,
806.846,
807.192,
814.399,
810.977,
814.399,
810.86,
810.8610000000001,
814.885,
813.6320000000001,
815.395,
810.3000000000001,
813.049,
812.019,
814.639,
815.791,
814.1310000000001,
815.759,
815.2570000000001,
815.024,
815.394,
811.702,
811.928,
809.6419999999999,
814.2420000000001,
814.351,
811.8499999999999,
811.36,
814.5799999999999,
811.231,
811.31,
812.704,
815.717,
815.613,
815.688,
811.0509999999999,
810.8530000000001,
807.5989999999999,
807.6320000000001,
813.074,
814.57,
814.6419999999999,
813.823,
807.86,
811.8140000000001,
811.823,
815.252,
811.3770000000001,
815.2420000000001,
811.8720000000001,
814.087,
807.442,
811.338,
815.371,
811.856,
812.4590000000001,
814.514,
815.396,
815.1,
813.44,
815.774,
811.35,
811.611,
813.357,
815.238,
815.631,
808.75,
815.235,
815.018,
811.874,
811.3240000000001,
811.581,
816.6020000000001,
812.7860000000001,
814.305,
815.243,
811.351,
814.5550000000001,
815.0699999999999,
815.4200000000001,
807.825,
814.9119999999999,
815.9110000000001,
809.626,
807.923,
815.408,
814.603,
816.0469999999999,
815.037,
815.296,
811.5409999999999,
815.063,
811.387,
815.3770000000001,
810.9300000000001,
810.684,
813.318,
813.889,
812.834,
815.809,
814.087,
811.333,
811.966,
810.3489999999999,
814.997,
814.381,
814.5559999999999,
807.755,
814.7950000000001,
815.509,
811.708,
815.808,
814.338,
812.5609999999999,
815.3620000000001,
813.246,
815.1080000000001,
811.395,
811.433,
815.3629999999999,
810.404,
814.5550000000001,
810.645,
814.975,
811.391,
811.279,
808.039,
815.399,
815.29,
814.501,
814.863,
810.3770000000001,
807.091,
811.02,
812.181,
815.6099999999999,
811.304,
814.45,
815.035,
815.55,
811.298,
814.988,
815.4019999999999,
815.284,
815.948,
814.0730000000001,
811.707,
814.925,
810.763,
811.781,
815.289,
812.787,
814.643,
812.241,
815.514,
812.673,
813.967,
814.02,
815.002,
815.449,
815.415,
815.63,
813.496,
815.323,
816.207,
814.905,
811.978,
814.678,
814.742,
815.081,
815.083,
815.367,
814.781,
813.458,
815.7280000000001,
811.33,
811.828,
815.157,
811.549,
810.895,
810.5120000000001,
815.168,
812.121,
815.093,
811.329,
809.137,
814.919,
814.546,
815.523,
811.903,
815.52,
811.352,
814.645,
811.241,
815.337,
815.182,
811.448,
807.529,
812.199,
811.2,
812.6510000000001,
814.9490000000001,
815.083,
810.7370000000001,
814.587,
808.86,
814.841,
815.783,
815.476,
811.2700000000001,
815.0269999999999,
814.62,
811.31,
815.925,
814.4639999999999,
812.746,
816.0079999999999,
814.2669999999999,
811.3050000000001,
814.2289999999999,
813.577,
815.516,
815.403,
815.699,
815.5550000000001,
814.626,
815.329,
815.43,
810.297,
809.2080000000001,
815.0849999999999,
815.6529999999999,
815.0070000000001,
811.59,
814.494,
814.4019999999999,
815.449,
811.4019999999999,
815.2779999999999,
814.551,
815.3249999999999,
815.72,
815.56,
815.293,
811.022,
815.2040000000001,
814.973,
814.8499999999999,
815.207,
815.122,
814.483,
814.941,
815.404,
814.9499999999999,
810.68,
814.2779999999999,
814.9060000000001,
811.866,
811.581,
815.182,
815.096,
812.397,
812.0880000000001,
814.96,
811.573,
808.404,
815.209,
812.381,
806.634,
814.545,
810.342,
816.2120000000001,
813.754,
811.397,
815.096,
814.764,
816.074,
815.26,
815.436,
811.211,
812.174,
811.5369999999999,
809.0,
815.531,
811.36,
811.697,
815.175,
811.523,
814.701,
811.403,
815.801,
814.6600000000001,
815.319,
815.238,
814.494,
814.813,
815.514,
814.0600000000001,
815.843,
813.6370000000001,
811.7180000000001,
815.7529999999999,
812.573,
812.2239999999999,
807.668,
814.452,
813.3620000000001,
811.622,
815.717,
812.057,
812.209,
815.233,
811.739,
810.433,
815.57,
814.9889999999999,
814.583,
815.707,
815.802,
815.406,
815.677,
811.3489999999999,
815.125,
812.888,
815.02,
814.851,
815.462,
815.2040000000001,
810.077,
811.006,
815.5219999999999,
815.241,
814.98,
810.981,
810.458,
815.608,
814.338,
811.749,
810.7189999999999,
810.417,
811.4,
811.079,
814.945,
814.485,
815.411,
815.644,
815.611,
815.4820000000001,
815.098,
816.063,
811.6999999999999,
815.097,
814.886,
815.766,
811.913,
814.254,
811.177,
815.868,
815.6999999999999,
815.542,
813.361,
810.9499999999999,
811.219,
815.716,
815.516,
808.651,
812.2660000000001,
810.465,
811.366,
815.49,
815.75,
810.8610000000001,
815.36,
812.575,
815.118,
812.222,
810.571,
815.373,
811.723,
815.009,
815.197,
814.458,
813.1899999999999,
811.172,
814.444,
815.925,
811.8720000000001,
814.643,
814.292,
811.1,
815.53,
811.51,
811.6020000000001,
814.973,
815.1129999999999,
811.397,
815.894,
815.717,
811.366,
814.951,
815.0889999999999,
814.427,
815.246,
811.864,
815.6750000000001,
814.38,
811.91,
814.7149999999999,
812.213,
812.411,
815.052,
814.802,
814.926,
810.607,
812.041,
814.922,
814.899,
811.96,
815.24,
810.372,
812.399,
810.68,
811.79,
815.361,
815.5120000000001,
813.2049999999999,
815.198,
811.3789999999999,
812.038,
813.746,
814.369,
816.239,
811.001,
812.322,
811.217,
815.174,
813.836,
816.361,
815.625,
813.979,
814.867,
811.236,
811.219,
811.877,
814.5360000000001,
812.181,
816.068,
814.789,
814.527,
815.3589999999999,
811.999,
811.145,
815.337,
815.211,
810.294,
815.063,
810.55,
815.292,
814.791,
812.937,
810.156,
807.534,
814.7950000000001,
815.104,
814.747,
815.5250000000001,
815.812,
815.1800000000001,
815.077,
811.585,
814.251,
811.428,
814.297,
815.218,
815.915,
815.246,
815.7339999999999,
814.6510000000001,
815.215,
815.8870000000001,
811.385,
811.849,
814.902,
815.689,
811.6759999999999,
807.468,
815.641,
815.2660000000001,
810.7760000000001,
814.914,
815.175,
811.606,
815.105,
814.624,
816.314,
807.034,
810.878,
810.422,
814.255,
815.366,
814.592,
814.746,
815.517,
815.0500000000001,
815.006,
810.902,
814.414,
815.5790000000001,
814.723,
815.1859999999999,
814.985,
812.243,
815.5029999999999,
811.904,
815.5949999999999,
814.686,
809.02,
814.408,
814.908,
815.534,
814.789,
814.797,
811.748,
815.216,
814.506,
815.195,
808.224,
810.412,
815.1800000000001,
815.43,
815.847,
809.914,
807.253,
811.179,
810.629,
811.548,
815.013,
811.28,
812.586,
815.001,
810.554,
807.704,
815.1030000000001,
814.593,
811.365,
811.7860000000001,
814.583,
815.176,
812.462,
814.0300000000001,
814.87,
811.4390000000001,
810.844,
811.4780000000001,
810.919,
811.832,
815.1469999999999,
815.664,
813.4350000000001,
814.6529999999999,
812.5219999999999,
815.261,
814.3629999999999,
815.4010000000001,
811.729,
815.573,
808.3829999999999,
811.245,
814.945,
815.528,
815.586,
813.787,
811.451,
811.5360000000001,
811.5759999999999,
812.286,
816.2909999999999,
812.764,
810.87,
815.5550000000001,
814.714,
811.168,
814.4010000000001,
815.529,
814.885,
814.677,
812.02,
814.538,
814.5409999999999,
815.641,
815.496,
810.7710000000001,
811.106,
815.6759999999999,
814.2810000000001,
815.473,
814.3359999999999,
815.4050000000001,
811.513,
814.578,
814.5329999999999,
814.545,
814.5989999999999,
815.943,
814.995,
811.298,
811.415,
815.539,
814.235,
811.757,
810.549,
815.6949999999999,
814.847,
814.164,
815.98,
811.587,
815.021,
813.785,
815.801,
815.191,
811.902,
811.0939999999999,
815.692,
815.458,
811.5250000000001,
815.376,
807.631,
811.4200000000001,
811.491,
814.774,
814.768,
814.053,
815.413,
815.346,
815.759,
815.2700000000001,
814.667,
815.591,
815.6060000000001,
810.871,
815.0500000000001,
815.054,
811.7919999999999,
812.473,
811.5120000000001,
815.3340000000001,
815.361,
815.137,
815.691,
814.8689999999999,
809.8910000000001,
816.097,
810.868,
811.297,
813.3829999999999,
815.276,
815.3359999999999,
815.608,
814.793,
814.4749999999999,
814.646,
811.4639999999999,
812.139,
814.686,
815.1279999999999,
812.121,
815.4590000000001,
811.5,
814.978,
812.608,
815.8330000000001,
815.162,
811.504,
813.633,
811.188,
814.8499999999999,
814.689,
815.637,
815.1350000000001,
810.822,
811.918,
814.702,
815.406,
815.428,
814.798,
815.096,
815.126,
815.245,
810.827,
815.703,
815.432,
814.862,
812.251,
814.115,
814.922,
815.896,
815.422,
814.576,
813.067,
811.8100000000001,
814.5559999999999,
815.184,
811.361,
815.176,
807.901,
811.547,
812.016,
812.283,
812.65,
811.246,
811.4670000000001,
811.515,
807.8530000000001,
812.633,
811.484,
810.856,
815.305,
815.118,
810.685,
815.932,
811.1610000000001,
815.608,
812.166,
810.3900000000001,
814.6679999999999,
813.965,
815.6600000000001,
815.157,
815.6560000000001,
815.006,
813.105,
813.9380000000001,
815.2120000000001,
814.918,
810.723,
810.301,
815.691,
815.287,
815.181,
815.349,
811.568,
815.297,
806.9920000000001,
814.284,
814.804,
811.685,
814.742,
812.049,
815.333,
815.612,
814.413,
814.972,
811.121,
814.874,
811.524,
814.98,
815.202,
814.991,
814.583,
810.1930000000001,
811.951,
815.327,
811.0849999999999,
814.592,
814.89,
811.044,
814.594,
811.077,
810.794,
814.265,
815.292,
815.081,
811.284,
815.378,
814.717,
812.8539999999999,
814.883,
815.5559999999999,
811.707,
814.532,
815.745,
814.63,
808.9929999999999,
810.79,
811.7429999999999,
814.985,
814.21,
815.519,
816.0699999999999,
814.601,
812.046,
815.0260000000001,
811.635,
815.1500000000001,
815.5590000000001,
815.1709999999999,
814.0730000000001,
814.5989999999999,
814.9300000000001,
815.1270000000001,
814.797,
811.2700000000001,
811.26,
815.573,
811.192,
807.5,
812.64,
816.053,
811.474,
815.302,
814.08,
811.767,
815.817,
815.104,
816.115,
815.0150000000001,
815.211,
815.156,
814.8100000000001,
810.6750000000001,
815.245,
811.049,
815.1239999999999,
814.735,
815.052,
815.177,
814.986,
811.551,
814.9499999999999,
812.3829999999999,
811.524,
812.296,
814.8,
814.367,
815.6360000000001,
815.304,
814.446,
811.9830000000001,
811.677,
815.114,
814.9889999999999,
814.8180000000001,
813.731,
815.276,
815.116,
812.825,
811.188,
815.8100000000001,
814.106,
811.6419999999999,
812.04,
815.067,
814.79,
812.5989999999999,
815.217,
811.1709999999999,
815.49,
811.964,
815.688,
814.722,
811.299,
815.216,
813.534,
811.936,
814.978,
811.342,
807.5369999999999,
815.582,
811.195,
813.844,
814.8140000000001,
815.539,
815.688,
811.0659999999999,
811.747,
811.236,
815.11,
815.52,
815.251,
810.669,
815.2470000000001,
811.624,
815.4050000000001,
815.039,
815.24,
816.188,
811.2909999999999,
813.487,
814.899,
812.804,
815.0269999999999,
814.6210000000001,
815.17,
811.394,
811.965,
815.361,
815.1310000000001,
815.745,
814.116,
811.199,
815.245,
815.801,
815.256,
811.587,
810.947,
814.823,
814.177,
811.587,
811.698,
814.148,
813.742,
814.823,
814.589,
812.462,
814.0260000000001,
810.548,
812.516,
811.582,
811.529,
807.096,
811.284,
812.682,
814.569,
811.956,
814.965,
815.061,
814.1310000000001,
815.394,
811.466,
812.172,
815.8149999999999,
814.893,
811.2470000000001,
815.828,
811.2660000000001,
810.8,
812.6229999999999,
815.348,
814.47,
815.0889999999999,
811.422,
811.696,
815.0690000000001,
810.71,
815.082,
811.45,
811.539,
814.442,
815.31,
814.549,
811.4440000000001,
814.523,
814.061,
810.329,
815.173,
815.775,
810.9459999999999,
811.721,
815.561,
814.507,
814.975,
814.594,
811.258,
811.845,
810.3280000000001,
815.295,
814.913,
811.24,
811.41,
815.112,
811.63,
815.662,
815.43,
807.269,
811.597,
815.123,
811.331,
815.133,
813.074,
810.6750000000001,
811.855,
815.191,
812.118,
812.283,
814.776,
814.167,
816.08,
815.289,
812.356,
814.6229999999999,
815.2629999999999,
814.169,
810.173,
814.929,
815.4820000000001,
810.633,
814.728,
814.288,
814.643,
814.666,
811.902,
812.433,
807.071,
814.704,
814.905,
815.6179999999999,
814.889,
815.529,
815.295,
811.437,
811.4599999999999,
811.388,
812.471,
815.2660000000001,
813.7769999999999,
814.867,
812.889,
815.136,
815.757,
812.751,
815.1800000000001,
811.779,
815.122,
815.0260000000001,
815.275,
811.589,
814.577,
815.8069999999999,
811.0889999999999,
810.732,
811.862,
815.7330000000001,
809.417,
814.397,
808.6379999999999,
814.126,
815.593,
814.742,
810.826,
811.353,
815.122,
815.539,
814.909,
810.545,
813.515,
815.346,
812.524,
814.701,
815.502,
815.016,
811.765,
815.269,
809.9920000000001,
812.23,
815.689,
815.332,
811.61,
815.083,
815.277,
808.837,
814.759,
815.43,
814.1,
811.61,
812.226,
813.4390000000001,
811.958,
811.003,
811.524,
811.847,
816.0039999999999,
815.096,
815.2779999999999,
815.283,
815.2589999999999,
814.9920000000001,
815.301,
811.956,
815.716,
815.862,
811.356,
814.453,
814.682,
815.369,
809.8649999999999,
815.4090000000001,
814.592,
812.315,
815.2570000000001,
814.886,
815.019,
815.132,
810.644,
814.991,
811.4599999999999,
815.078,
811.842,
811.964,
814.5400000000001,
815.797,
815.414,
808.8720000000001,
815.1709999999999,
813.898,
815.601,
815.7280000000001,
811.8109999999999,
815.847,
815.176,
812.553,
811.156,
811.695,
814.886,
811.16,
811.944,
814.7520000000001,
815.175,
811.253,
811.1969999999999,
810.578,
807.3679999999999,
814.415,
815.268,
811.8570000000001,
815.9159999999999,
809.655,
814.822,
812.477,
814.6679999999999,
814.125,
811.067,
811.6750000000001,
815.16,
816.1899999999999,
811.755,
815.102,
815.1469999999999,
815.169,
816.036,
811.196,
812.346,
814.352,
808.489,
812.374,
815.29,
811.206,
815.945,
807.692,
813.8530000000001,
811.232,
811.742,
811.5759999999999,
811.49,
815.836,
815.802,
813.65,
811.418,
815.524,
811.141,
814.997,
811.885,
810.483,
807.837,
815.156,
814.8199999999999,
814.4209999999999,
814.967,
815.4050000000001,
807.2810000000001,
814.802,
811.2819999999999,
813.283,
815.021,
813.943,
812.302,
815.043,
816.1239999999999,
815.486,
811.292,
814.861,
814.941,
815.018,
813.822,
811.923,
810.345,
814.986,
810.3320000000001,
807.823,
815.2199999999999,
814.4259999999999,
813.9490000000001,
811.092,
815.253,
815.472,
814.514,
807.5649999999999,
815.232,
814.558,
815.313,
812.08,
810.764,
815.338,
813.899,
810.2470000000001,
815.4630000000001,
814.673,
811.283,
811.138,
813.057,
815.1129999999999,
815.304,
814.578,
807.9499999999999,
814.302,
814.534,
810.727,
810.688,
815.4409999999999,
814.816,
815.584,
811.98,
814.519,
815.605,
814.216,
811.705,
812.134,
811.351,
814.834,
814.982,
810.144,
815.0730000000001,
812.23,
815.2439999999999,
810.287,
814.798,
814.0540000000001,
816.0169999999999,
812.294,
815.3580000000001,
807.1030000000001,
809.7950000000001,
806.956,
814.586,
812.043,
811.32,
807.7769999999999,
814.4789999999999,
815.1850000000001,
815.631,
815.59,
807.7710000000001,
815.144,
815.252,
812.181,
815.652,
815.45,
813.703,
811.138,
815.748,
811.74,
811.359,
814.987,
810.3900000000001,
815.4590000000001,
811.9830000000001,
808.055,
812.0939999999999,
815.253,
812.6139999999999,
811.539,
815.5989999999999,
811.191,
815.945,
810.988,
814.783,
814.2909999999999,
811.329,
812.567,
815.1859999999999,
815.806,
810.515,
815.12,
815.33,
815.236,
807.6600000000001,
814.812,
815.31,
811.221,
814.569,
810.68,
815.4709999999999,
815.1080000000001,
814.7950000000001,
814.973,
809.986,
814.515,
811.501,
811.961,
810.2620000000001,
815.419,
815.203,
814.427,
815.0319999999999,
814.827,
815.0880000000001,
811.823,
815.9309999999999,
814.586,
811.22,
812.033,
815.527,
811.754,
815.14,
808.88,
814.487,
813.063,
814.894,
811.469,
815.119,
814.677,
807.751,
811.8199999999999,
813.628,
810.677,
811.081,
815.1659999999999,
812.3679999999999,
815.847,
811.222,
815.1659999999999,
815.921,
815.0509999999999,
811.548,
815.0509999999999,
810.836,
814.603,
814.813,
815.404,
811.242,
815.44,
814.747,
811.566,
812.613,
815.24,
808.988,
811.283,
812.106,
813.168,
811.805,
815.827,
811.4390000000001,
814.326,
814.8,
815.83,
815.573,
813.436,
807.9300000000001,
815.5,
814.25,
814.322,
813.696,
813.721,
815.418,
815.6170000000001,
812.293,
810.746,
812.373,
812.0,
815.98,
815.24,
815.11,
815.327,
811.5799999999999,
815.648,
815.181,
811.406,
811.9680000000001,
810.3000000000001,
815.8180000000001,
811.472,
814.858,
810.571,
810.216,
815.573,
813.9150000000001,
812.515,
815.5029999999999,
811.1800000000001,
815.907,
815.449,
815.895,
815.712,
810.6560000000001,
810.6569999999999,
815.6179999999999,
814.926,
810.823,
811.615,
815.841,
815.389,
815.4010000000001,
815.83,
812.874,
815.48,
815.48,
813.425,
815.83,
808.283,
812.106,
811.292,
811.498,
814.4709999999999,
811.6320000000001,
815.6560000000001,
816.097,
814.6,
811.665,
811.3620000000001,
815.072,
811.692,
814.484,
815.3470000000001,
815.112,
812.375,
814.7990000000001,
814.956,
811.4749999999999,
815.177,
815.53,
814.48,
813.7410000000001,
812.038,
815.586,
814.889,
814.5949999999999,
813.658,
815.299,
813.7339999999999,
815.2239999999999,
815.364,
815.0319999999999,
814.661,
813.665,
811.315,
813.997,
815.136,
815.693,
814.44,
815.021,
815.243,
814.4670000000001,
815.682,
815.086,
815.311,
814.597,
813.8910000000001,
815.584,
815.272,
814.491,
811.883,
814.335,
809.9110000000001,
807.091,
815.457,
814.101,
811.79,
810.975,
813.9340000000001,
815.452,
816.093,
811.6640000000001,
814.6679999999999,
815.239,
812.5120000000001,
815.4019999999999,
807.257,
811.597,
814.785,
815.447,
807.2810000000001,
814.616,
813.954,
815.535,
811.413,
811.5,
809.975,
806.4590000000001,
808.6,
814.748,
811.122,
814.661,
815.957,
812.648,
815.5029999999999,
814.641,
814.551,
812.485,
810.933,
812.132,
814.9499999999999,
814.5590000000001,
813.465,
814.9309999999999,
814.908,
811.688,
807.3430000000001,
814.458,
815.5,
813.609,
814.504,
815.3620000000001,
808.125,
813.979,
815.0039999999999,
813.099,
806.802,
811.31,
811.7379999999999,
815.999,
810.907,
815.6560000000001,
815.8689999999999,
811.317,
814.0540000000001,
815.137,
815.3240000000001,
810.772,
813.309,
815.6170000000001,
813.576,
814.965,
812.627,
815.515,
815.0880000000001,
814.626,
811.2819999999999,
815.049,
811.587,
815.057,
814.941,
814.724,
811.2669999999999,
814.6229999999999,
814.303,
814.952,
814.9830000000001,
810.3939999999999,
814.148,
811.02,
815.52,
815.545,
813.761,
810.818,
815.563,
814.2080000000001,
814.838,
806.307,
813.724,
815.342,
815.4169999999999,
809.6750000000001,
815.801,
815.235,
814.958,
815.393,
811.8290000000001,
815.629,
815.587,
811.901,
808.5409999999999,
811.902,
815.87,
814.984,
811.8689999999999,
811.4010000000001,
814.569,
811.921,
811.677,
811.748,
809.9119999999999,
815.663,
812.954,
812.842,
811.994,
815.0070000000001,
815.376,
814.9159999999999,
814.754,
815.173,
814.77,
814.918,
811.0469999999999,
814.894,
815.072,
812.908,
814.947,
811.578,
815.193,
811.447,
811.4,
813.707,
811.582,
811.921,
811.369,
811.7299999999999,
815.222,
815.1429999999999,
815.673,
814.5,
814.6719999999999,
815.529,
814.735,
815.7149999999999,
815.0079999999999,
813.063,
815.163,
814.726,
811.867,
815.562,
811.768,
814.5360000000001,
811.781,
814.804,
814.674,
814.856,
811.304,
812.393,
812.6529999999999,
811.02,
815.2080000000001,
815.692,
814.8100000000001,
814.976,
815.236,
815.173,
807.701,
811.625,
814.391,
814.973,
815.053,
815.1239999999999,
814.52,
814.465,
811.471,
815.713,
815.0840000000001,
814.9340000000001,
811.7919999999999,
807.7710000000001,
814.5740000000001,
810.486,
814.181,
812.371,
815.246,
815.495,
811.788,
815.345,
812.7429999999999,
807.534,
815.407,
815.093,
814.389,
814.834,
815.002,
808.038,
815.692,
814.71,
814.566,
815.904,
813.7379999999999,
815.588,
813.0169999999999,
810.0690000000001,
813.722,
812.178,
811.877,
812.861,
815.36,
811.568,
815.2270000000001,
815.215,
815.351,
815.4090000000001,
814.902,
815.5120000000001,
814.701,
815.323,
815.532,
811.38,
811.49,
815.4409999999999,
815.095,
811.766,
815.723,
815.88,
814.6790000000001,
815.884,
815.588,
815.1610000000001,
814.712,
811.308,
815.637,
811.2439999999999,
814.959,
811.406,
814.498,
811.652,
810.935,
815.742,
814.486,
814.367,
815.3829999999999,
812.539,
815.624,
811.731,
811.903,
811.6640000000001,
815.91,
815.2289999999999,
811.228,
814.294,
814.778,
815.905,
815.102,
813.933,
812.919,
811.984,
814.8109999999999,
809.944,
814.97,
810.572,
815.8539999999999,
811.849,
808.6370000000001,
811.505,
811.396,
810.353,
814.142,
815.481,
816.335,
815.832,
810.365,
815.3820000000001,
812.0079999999999,
814.591,
815.797,
815.313,
815.271,
813.939,
811.0540000000001,
813.8910000000001,
811.952,
815.183,
815.587,
815.744,
810.509,
815.4559999999999,
812.4390000000001,
815.091,
811.477,
815.119,
815.725,
812.245,
811.417,
814.988,
811.154,
815.899,
814.48,
811.4820000000001,
815.3589999999999,
810.8,
814.301,
815.581,
814.9530000000001,
812.387,
815.265,
813.751,
815.154,
813.99,
808.287,
815.105,
814.249,
812.548,
812.071,
807.808,
815.83,
815.423,
810.413,
815.416,
811.568,
815.389,
811.013,
811.341,
808.419,
814.717,
815.035,
811.714,
815.183,
811.6020000000001,
815.197,
815.7370000000001,
814.31,
815.2470000000001,
816.508,
811.3979999999999,
810.686,
814.098,
809.832,
811.16,
815.3430000000001,
815.0260000000001,
814.957,
811.213,
807.3000000000001,
810.705,
812.371,
815.723,
815.071,
814.878,
807.3770000000001,
812.449,
814.9340000000001,
815.5409999999999,
811.5590000000001,
812.136,
815.477,
814.9110000000001,
815.485,
812.12,
814.883,
815.375,
814.563,
811.7529999999999,
811.626,
815.218,
808.315,
811.292,
810.154,
811.041,
811.086,
815.351,
814.573,
811.648,
811.502,
814.152,
814.2620000000001,
811.473,
811.83,
815.184,
810.924,
811.154,
814.678,
815.295,
808.474,
811.457,
810.355,
814.919,
811.8499999999999,
810.832,
815.4019999999999,
814.1030000000001,
814.6759999999999,
811.636,
811.169,
815.511,
811.173,
815.249,
812.3770000000001,
808.101,
814.762,
814.784,
807.8570000000001,
811.396,
811.472,
811.976,
814.982,
812.879,
815.332,
815.789,
815.256,
815.335,
814.79,
811.11,
810.717,
811.31,
815.4670000000001,
811.2470000000001,
815.914,
815.712,
815.1030000000001,
811.271,
815.7370000000001,
815.423,
815.202,
815.299,
815.8069999999999,
815.1310000000001,
807.4,
813.187,
811.458,
813.5400000000001,
814.689,
814.414,
814.976,
815.494,
807.363,
811.791,
811.373,
811.8610000000001,
815.3359999999999,
815.572,
815.111,
815.863,
811.48,
813.7379999999999,
811.943,
807.607,
813.962,
815.625,
815.884,
816.2230000000001,
814.582,
811.922,
813.945,
815.174,
811.885,
815.4350000000001,
811.438,
814.8109999999999,
810.885,
812.388,
811.442,
815.098,
815.3059999999999,
812.072,
811.6719999999999,
814.484,
815.245,
815.317,
815.527,
811.8910000000001,
814.078,
814.655,
813.843,
814.836,
816.158,
815.102,
806.9549999999999,
811.509,
815.216,
815.4879999999999,
814.655,
815.4879999999999,
815.098,
813.997,
813.076,
811.9699999999999,
814.6560000000001,
814.791,
815.3340000000001,
815.755,
815.052,
816.3829999999999,
813.9549999999999,
811.376,
812.5440000000001,
814.481,
814.711,
813.449,
814.742,
815.036,
807.631,
814.755,
814.708,
814.524,
814.8910000000001,
815.1030000000001,
814.346,
814.591,
811.0,
814.332,
815.213,
815.036,
815.351,
811.7710000000001,
811.551,
811.646,
811.0039999999999,
811.043,
810.825,
814.784,
814.6719999999999,
812.465,
812.126,
810.939,
813.513,
815.688,
810.442,
815.6679999999999,
815.2479999999999,
815.2040000000001,
809.671,
811.535,
811.793,
811.8969999999999,
812.314,
815.415,
815.2080000000001,
811.529,
815.4259999999999,
814.71,
811.862,
815.352,
810.9739999999999,
815.717,
815.16,
815.211,
815.384,
814.735,
807.768,
811.202,
811.313,
811.4639999999999,
815.816,
815.577,
814.861,
811.196,
815.6999999999999,
811.216,
815.148,
815.6060000000001,
814.747,
813.082,
810.9499999999999,
815.0319999999999,
814.812,
812.766,
815.028,
815.2120000000001,
815.0,
814.334,
813.943,
814.739,
814.689,
811.496,
812.359,
814.755,
814.866,
815.453,
814.661,
815.895,
812.3000000000001,
815.436,
815.919,
811.489,
815.294,
815.407,
814.687,
811.307,
815.218,
812.357,
807.101,
815.0939999999999,
814.283,
814.607,
815.78,
815.28,
814.7769999999999,
810.5369999999999,
814.732,
808.3249999999999,
811.843,
809.965,
811.774,
815.697,
812.228,
814.779,
812.48,
815.2,
815.295,
814.495,
814.643,
814.562,
811.956,
810.295,
811.6679999999999,
814.874,
807.496,
815.3580000000001,
815.118,
814.557,
815.511,
814.7180000000001,
814.9380000000001,
815.0849999999999,
814.74,
811.8870000000001,
813.966,
811.7710000000001,
815.183,
814.697,
814.952,
807.564,
811.181,
814.671,
811.809,
814.798,
812.3359999999999,
811.442,
810.308,
814.783,
814.864,
811.2009999999999,
814.018,
811.7710000000001,
811.0070000000001,
814.871,
815.193,
815.23,
811.601,
811.115,
815.364,
816.245,
807.845,
814.7990000000001,
815.895,
814.6560000000001,
812.553,
808.25,
811.751,
811.5250000000001,
815.5329999999999,
814.357,
814.207,
812.209,
815.2570000000001,
810.2570000000001,
810.164,
811.769,
815.023,
814.9680000000001,
815.119,
812.735,
814.167,
815.492,
812.535,
812.787,
814.971,
815.1089999999999,
810.6640000000001,
808.027,
815.175,
815.1030000000001,
815.123,
814.563,
814.092,
814.1270000000001,
815.059,
815.12,
810.77,
815.293,
811.549,
813.457,
809.24,
814.742,
815.265,
810.279,
814.0619999999999,
814.7339999999999,
815.327,
815.304,
812.28,
811.4590000000001,
815.264,
810.457,
811.311,
815.586,
815.299,
814.9269999999999,
811.919,
811.687,
810.036,
812.217,
813.012,
810.635,
814.0939999999999,
814.4010000000001,
810.554,
814.534,
815.182,
815.08,
811.453,
814.487,
815.779,
816.1089999999999,
814.4200000000001,
814.797,
812.01,
815.6560000000001,
812.4169999999999,
814.355,
807.494,
811.09,
815.577,
815.258,
811.4749999999999,
812.644,
814.605,
814.708,
815.3979999999999,
811.469,
811.7579999999999,
814.863,
811.493,
815.4590000000001,
815.692,
815.553,
815.323,
815.794,
811.4209999999999,
814.819,
815.239,
810.774,
814.816,
814.929,
814.403,
811.1129999999999,
814.9,
811.41,
811.427,
815.803,
815.09,
814.859,
809.898,
815.1890000000001,
814.701,
815.4449999999999,
811.3639999999999,
807.717,
811.9889999999999,
813.0540000000001,
815.072,
814.956,
811.242,
810.905,
815.0619999999999,
810.168,
815.118,
810.9849999999999,
815.447,
813.1239999999999,
815.138,
815.028,
815.8199999999999,
810.817,
811.723,
814.39,
810.55,
814.921,
815.661,
814.947,
815.0070000000001,
815.4350000000001,
811.1800000000001,
814.939,
811.1089999999999,
814.309,
814.932,
812.38,
815.0939999999999,
810.948,
815.293,
811.072,
811.24,
815.9300000000001,
814.674,
812.129,
812.01,
815.893,
810.818,
814.6759999999999,
810.272,
811.542,
814.8530000000001,
815.948,
810.5799999999999,
815.0730000000001,
813.589,
807.25,
815.0849999999999,
815.162,
811.2139999999999,
811.528,
807.23,
814.6750000000001,
811.894,
815.1890000000001,
815.628,
810.0619999999999,
808.138,
814.5409999999999,
811.3280000000001,
811.881,
810.532,
814.33,
811.932,
816.092,
813.716,
815.8499999999999,
815.1659999999999,
815.125,
815.297,
811.1890000000001,
815.144,
814.619,
811.692,
814.2230000000001,
811.067,
814.5440000000001,
815.4240000000001,
814.969,
815.6170000000001,
815.119,
814.67,
814.882,
815.447,
812.813,
811.961,
807.36,
813.0150000000001,
814.351,
815.3249999999999,
812.2049999999999,
815.136,
811.422,
815.68,
815.341,
814.504,
815.76,
814.116,
811.707,
815.351,
814.2589999999999,
811.102,
814.399,
812.8389999999999,
815.455,
815.1709999999999,
815.578,
811.569,
815.714,
814.313,
815.074,
814.253,
815.4780000000001,
811.666,
814.691,
811.13,
815.6060000000001,
815.364,
814.167,
811.581,
811.805,
811.7959999999999,
813.8199999999999,
810.534,
815.767,
812.727,
815.4,
813.175,
811.068,
811.4010000000001,
811.485,
813.895,
815.308,
814.437,
815.175,
811.322,
810.673,
815.033,
811.4559999999999,
811.385,
815.042,
815.158,
807.558,
812.115,
814.883,
812.234,
814.971,
810.365,
815.4639999999999,
811.468,
814.557,
815.211,
811.174,
811.245,
813.019,
814.589,
812.61,
814.963,
815.0039999999999,
815.021,
815.484,
814.6719999999999,
811.307,
811.674,
811.8349999999999,
811.372,
811.413,
815.338,
815.6060000000001,
810.265,
811.354,
811.837,
815.371,
812.1650000000001,
815.783,
815.7299999999999,
815.183,
812.474,
808.0889999999999,
812.529,
811.661,
811.9309999999999,
815.399,
811.894,
809.7560000000001,
814.316,
815.179,
811.826,
815.524,
814.465,
810.628,
815.3359999999999,
814.816,
814.747,
809.9119999999999,
815.0150000000001,
815.2049999999999,
813.566,
814.572,
812.211,
811.319,
815.691,
815.0690000000001,
812.755,
814.956,
815.784,
811.425,
811.12,
815.802,
814.925,
815.443,
811.415,
815.444,
815.327,
813.024,
807.8,
811.849,
815.71,
814.082,
815.1800000000001,
815.287,
815.3580000000001,
815.7489999999999,
811.278,
815.137,
815.767,
812.016,
814.552,
814.8290000000001,
813.2049999999999,
815.92,
814.9459999999999,
814.703,
811.048,
811.392,
815.288,
814.866,
815.6,
812.775,
815.097,
815.806,
808.144,
815.3240000000001,
814.8729999999999,
815.312,
809.8919999999999,
815.1129999999999,
811.0730000000001,
811.9309999999999,
810.414,
811.492,
814.569,
815.507,
815.65,
810.3280000000001,
814.068,
811.429,
814.79,
811.5949999999999,
813.148,
815.23,
811.863,
810.303,
811.001,
812.2470000000001,
814.145,
814.932,
816.022,
811.822,
811.399,
815.353,
806.616,
814.868,
812.2479999999999,
811.5219999999999,
815.122,
814.797,
811.461,
811.905,
815.7769999999999,
811.3000000000001,
814.163,
814.941,
811.286,
815.2270000000001,
815.4090000000001,
815.213,
811.355,
811.471,
811.9530000000001,
815.046,
810.714,
815.372,
812.2420000000001,
811.39,
811.506,
811.169,
815.275,
815.37,
810.763,
812.079,
814.385,
